researcher_id,name,email,department
b5472ebb-56f1-407b-9fd0-c6c2f6b0f44e,Logan Johnson,ljohnson@example.edu,Chemistry
086adc93-3b4d-418a-b5c7-d053a4b72ef1,Casey Miller,casey-miller@research.edu,Electrical Engineering
dfa93091-10ed-484c-8317-fd67425adf11,Jordan Garcia,jordangarcia@example.edu,Nursing
7f772126-8e16-4ab1-b859-515673185715,Layla Johnson,laylajohnson@research.edu,Chemistry
82d79c57-fb5b-4111-9d03-df33eb83a010,Lucia Shah,lshah@university.edu,Sociology
b5da8fdd-9b41-4200-8115-733b37396a0f,Diego Perez,dperez@example.edu,Biology
3e14bcf6-fba5-4853-9179-3820553beb0f,Sofia Miller,sofia-miller@research.edu,Biomedical Engineering
ca2e5074-63ac-43fc-90ac-55f2a4216410,Zoe Thompson,zthompson@university.edu,Political Science
29716609-202b-4728-b4f8-3845c7385ca1,Caleb Davis,calebd@university.edu,Education
ec1214d4-b301-4637-ae80-53e591e5209e,Ethan White,ethanwhite@university.edu,Electrical Engineering
b880eaa4-d565-4a49-a67e-f1f95b3b52e4,Olivia Jackson,olivia-jackson@example.edu,Biomedical Engineering
ca192197-7ebf-44a4-bbc5-2a70051161ef,Mila Moore,milam@faculty.edu,Sociology
ab9d2917-6280-4a12-bf28-983e08887035,Leo Thompson,leothompson@faculty.edu,Business
8bc6cf1d-268b-40a4-a151-582ef0589a8a,Quinn Rivera,quinnrivera@example.edu,Sociology
ad9ebf3d-514f-42ab-95fb-3393f8e0d023,Priya Harris,pharris@example.edu,Art History
c815f660-6f26-4c28-afca-dea5b3cc2fb7,Amara Brown,amarabrown@university.edu,Statistics
165986fa-a51f-453c-8f07-a90d8b1ebdfa,Ishan Moore,ishan-moore@example.edu,Linguistics
7f7dbe3c-c339-41fd-9366-c346324a83cd,Amara Wilson,amaraw@research.edu,Philosophy
6397a4de-b7d4-44e9-8f2f-5f3692ef8b34,Priya Martinez,pmartinez@example.edu,Chemistry
79ef50e6-76de-42f9-be02-158571d8f4f6,Arjun Khan,akhan@research.edu,Linguistics
d3ab0a2c-c2a1-4241-96a8-f1181b7d1e57,Ishan White,ishanwhite@example.edu,Nursing
1b017ade-92da-4c5e-8628-9d11574190ef,Elena Garcia,elena-garcia@university.edu,Psychology
20ebd974-dc87-4b0d-a17d-fb09c8fa8dfb,Maya Ramirez,maya-ramirez@research.edu,Neuroscience
b177eef4-bbf8-4bd9-ba04-8658eef6fd42,Layla Walker,lwalker@university.edu,Art History
667148c0-f36a-4411-a951-1ec7640546b8,Logan Khan,lkhan@faculty.edu,Biomedical Engineering
c195f06b-595c-487c-ba48-373de5565660,Ethan Ramirez,ethanramirez@research.edu,Computer Science
2c3985d7-d07e-41b8-be6c-f213f37cd40f,Sophia Kim,sophiakim@university.edu,Philosophy
8f16c253-25a5-4f80-ac5a-06fc8093aa18,Aiden Kim,aidenkim@example.edu,Data Science
0ad8935c-4fcc-4ec9-a46d-0911afdf3b11,Maya Khan,maya-khan@faculty.edu,Public Health
e92bd10c-b5bc-431b-a251-679c5cb81f3c,Jordan Davis,jdavis@faculty.edu,Chemistry
ecc55189-043c-4c13-a63c-f8938eab91c1,Riley Thomas,riley-thomas@university.edu,Public Health
b5de414b-635e-42b1-ab74-57c7566eace1,Quinn Khan,quinnkhan@example.edu,Art History
9d7cbefc-08f1-4b50-8636-106a85b180e0,Neel Chen,neelchen@faculty.edu,Nursing
6fcf4254-2ab5-4a20-9576-32b5a21c9045,Layla Ramirez,laylaramirez@example.edu,Business
7e18fe5a-6f26-4b64-9984-019e832cba9e,Aiden Sanchez,asanchez@research.edu,Nursing
b19efd78-9679-4604-a130-23040773cc12,Lucia Davis,luciadavis@example.edu,Mechanical Engineering
06689203-ef6e-4a67-ba79-1ac9c1a4a587,Sofia Johnson,sofiajohnson@example.edu,Computer Science
c444e920-d3ba-49d5-8472-9738c785f078,Quinn Brown,quinnbrown@university.edu,Electrical Engineering
13564bc4-8fb8-4f82-a868-f7489e90ce40,Sofia Jones,sofiajones@faculty.edu,Art History
cbbee6a6-da4d-4505-8a7e-251f61db62f5,Elena Wilson,elenawilson@research.edu,Chemistry
e9ff891f-832d-4ee1-8c3b-4f9ad9064f6a,Neel Clark,neelclark@university.edu,Biomedical Engineering
96635516-5636-48f8-a1ff-9c0ce6a6f5df,Diego Thompson,diegot@research.edu,Political Science
60778f55-48c2-4a9c-a1b3-62ae7cad637c,Riley Miller,riley-miller@research.edu,Statistics
fa70f5bb-448c-4c7d-9d32-6fe358f0cc4a,Peyton Thomas,peytonthomas@example.edu,Education
90fa8a8d-d8a3-480f-926c-571fb5126c06,Lucia Rodriguez,luciar@example.edu,Physics
30ee3e00-b2e1-4b92-a2cb-a18b774cbd30,Priya Thomas,priya-thomas@research.edu,Education
ebf00391-d5d7-429d-9b9b-84027cd9f2d5,Peyton Brown,peyton-brown@university.edu,Chemistry
618d968e-6d87-4caa-87a9-2a19494f6f6b,Maya Clark,mayac@research.edu,Biology
ed0a95cb-f2ed-4cd1-8279-033322e175cc,Ishan Brown,ishanbrown@research.edu,Computer Science
b1a121f8-2237-442c-8bea-b45ab1f1b8cb,Mila Taylor,milat@faculty.edu,Economics
96adcc63-c84e-4a74-9394-dd9e168c3002,Arjun Nguyen,arjunnguyen@example.edu,Mathematics
c5bd1395-4751-4fd2-bfc6-fd0228c59020,Liam Brown,liam-brown@faculty.edu,Electrical Engineering
18a44a50-0b0d-4ccc-82e8-ed6884146c0e,Riley Shah,rileys@example.edu,Electrical Engineering
c721308a-770f-4b0f-8ca1-f8b2e8f4656b,Mateo Garcia,mateogarcia@university.edu,Anthropology
832f9ec8-c462-4376-904a-443f0bd3f191,Quinn Thomas,quinnt@university.edu,Linguistics
ac3fd0fe-31c5-4308-b85b-65f98af98237,Emma Shah,emma-shah@university.edu,Economics
cb041c13-d595-4b3e-89de-39b043835c37,Omar Kumar,okumar@faculty.edu,Biology
59d1f2d4-26a1-4fd1-86de-7f99942bb9f4,Amara Thomas,athomas@research.edu,Psychology
f2e9dcca-da71-4a45-9534-5e8eb288d323,Aiden Walker,awalker@university.edu,Computer Science
721a63e4-f18c-40c8-9c3f-ef3aca1610a7,Priya Kumar,priya-kumar@university.edu,Education
da1413b6-5731-4f6c-8e27-bb8533909690,Liam Kim,lkim@example.edu,Data Science
6ab95ea7-7ec1-47c0-90dd-15fc7a47b106,Quinn Thomas,qthomas@faculty.edu,Sociology
a33915ca-18ec-4e94-b6e3-b061dc343312,Lucia Khan,lkhan@university.edu,Art History
53f56bb0-d7fb-42c0-832d-432f7cb4d98b,Arjun Martin,arjun-martin@example.edu,Physics
14c64414-3004-43e7-b422-93dd48615368,Logan Miller,loganmiller@faculty.edu,Mathematics
5d6872b4-73ce-4d1c-82d4-d3ef70b11edd,Layla Wilson,lwilson@example.edu,Art History
0cf1107f-7fc3-4f6c-8fcc-30cb4e2ce615,Sophia Kim,sophiak@faculty.edu,Electrical Engineering
2ec21062-53bf-4235-9236-a30e09fe22fd,Hayden Ramirez,hramirez@university.edu,Computer Science
96d81f07-ab72-40f7-b622-8cf17bd9000c,Sofia Rodriguez,srodriguez@example.edu,Political Science
da574f17-e24c-4f71-8452-158e80e9b976,Arjun Ramirez,arjun-ramirez@university.edu,Mechanical Engineering
89a91146-6ad7-4865-8571-2c7b226f0a89,Kai Khan,kai-khan@faculty.edu,Linguistics
3916a926-3eb6-44f8-8988-6e0d40a97617,Arjun Martinez,arjunm@example.edu,Electrical Engineering
80dfb8df-e9d2-44ff-9eba-d990d72d629b,Aiden White,aiden-white@faculty.edu,Biology
942ea00c-0fdc-49d4-9991-550efbf3c1b4,Emma Miller,emiller@research.edu,Anthropology
c8bbcc86-5de7-45bc-ba74-81a5840db7f1,Kai Thomas,kaithomas@example.edu,Economics
f3af0303-970d-4a1f-ad84-79a7bde4e947,Jordan Lopez,jlopez@research.edu,Art History
b489b27c-00bc-47e7-a127-cf8ef1452884,Emma Moore,emmamoore@university.edu,Neuroscience
c4a39e52-749c-4b3e-8811-cdf06d4011ba,Taylor Patel,taylorpatel@example.edu,Political Science
8c7ffe9b-782b-4727-b6a5-15ab0000184a,Zoe Martin,zoemartin@example.edu,Computer Science
c5b18e9d-5c0b-485e-be28-fa209c259d1c,Noah Sanchez,nsanchez@faculty.edu,Mechanical Engineering
579acf83-c69a-434d-bcc2-72966e50e59e,Isabella Thompson,isabellat@faculty.edu,Computer Science
8eac962b-3327-4f79-887e-49ce7c3007be,Logan Taylor,logantaylor@faculty.edu,Electrical Engineering
c197bc85-10e7-4c6e-8880-909e76904f0a,Peyton Rivera,peytonr@faculty.edu,Statistics
48c80919-3418-47cb-ae98-f039674a53bb,Diego Rivera,diego-rivera@research.edu,Linguistics
2d49cdb3-711d-42ca-bcd7-0962b06bfee1,Noah Taylor,noah-taylor@research.edu,Computer Science
b939f53d-0f57-4e38-8d3a-0fd81d9ec5ab,Nora Khan,norakhan@faculty.edu,Economics
95af00b3-ad22-4889-a478-131daafc4ea5,Quinn Perez,qperez@university.edu,Mathematics
22745f04-1a88-42c1-b4c5-5b8d562ec78f,Mateo Martin,mateom@faculty.edu,Neuroscience
8304d521-f2b3-402f-8b1c-ff445133d9fa,Ethan Chen,ethanchen@example.edu,Economics
cbead3a8-b935-4f98-953e-d9746795c22b,Mila Lopez,mlopez@research.edu,Education
f1f63a61-7986-424e-b061-ef7ce78a5974,Avery Martin,amartin@example.edu,Economics
41fe5cba-6bef-4e8a-9ef0-c2a8301c3af0,Omar Rivera,orivera@research.edu,Political Science
3bac21c0-f520-4b3e-aa26-0d77ad799c3c,Lucia Wilson,luciaw@example.edu,Art History
5dd8d6a0-ac9c-4e63-8bbc-28ebb1147156,Hayden Jackson,hjackson@university.edu,Chemistry
19a0c08e-2b11-4079-8a07-c501ded1727d,Aiden Anderson,aidenanderson@example.edu,Computer Science
3cf647d8-be1f-4771-b3e2-d5b032d30667,Taylor Thomas,taylort@university.edu,Political Science
2df66e41-ec5c-4a82-a360-5b1f76891d9d,Anika Kumar,anikakumar@research.edu,Public Health
844fd888-d285-49fb-8beb-be19a784da76,Ishan Thomas,ishanthomas@university.edu,Biomedical Engineering
e057ec56-231a-48ff-82b7-51e73257fc51,Diego Anderson,diegoanderson@research.edu,Electrical Engineering
08c5ab19-9a29-4650-b7ce-278d9e8f0f8d,Arjun Thomas,arjun-thomas@research.edu,Psychology
03e7ec8d-4721-485f-8cd3-40008730cec4,Priya Singh,psingh@research.edu,Anthropology
9946fcec-a866-464a-8148-b83589d958c5,Mateo Ramirez,mateor@example.edu,Public Health
a6fd04d4-a07d-4723-8647-420b6de10dc8,Lucia Taylor,luciataylor@faculty.edu,Nursing
2def13ed-5ca2-4d11-95fa-55f242916c02,Elena Thomas,ethomas@research.edu,Mechanical Engineering
e0cf6812-0c9d-4ef4-acb8-9ccd7067fee0,Ethan Thomas,ethomas@faculty.edu,Statistics
abb4b939-cb6e-426e-99fd-22b1fce7bf36,Caleb Garcia,calebgarcia@example.edu,Chemistry
e6f41094-abac-41fe-b2fb-00ec077030e7,Mila Martinez,milamartinez@university.edu,Economics
f862a2ab-2900-4e63-958b-ccd3f5994731,Anika Perez,anikap@research.edu,Electrical Engineering
f1ba7c8c-9761-4ca4-886a-48e28ecec5fb,Liam Clark,liamc@university.edu,Linguistics
5c25b741-84f0-45b9-87ef-22f4b2a7cb88,Mila Patel,mila-patel@faculty.edu,Mathematics
8d609cad-5f9d-4226-9667-87232b68508c,Mila Clark,milaclark@research.edu,Chemistry
49cc34c2-6d8d-47f6-aac3-0dd0206d8744,Isabella Ramirez,isabellar@university.edu,Neuroscience
9b0ced33-ed9a-4638-9357-2d7823a1d592,Sofia Sanchez,sofiasanchez@research.edu,Psychology
9279ccd6-310b-4c6e-a69c-0084ac7c0317,Mina Khan,mina-khan@research.edu,Linguistics
b58483c5-f14d-4297-b3ee-b5beffc6f34c,Fatima Johnson,fatima-johnson@research.edu,Psychology
bdc82fc1-fe6e-46fe-a8be-957535880c0e,Priya Lopez,priya-lopez@faculty.edu,Neuroscience
febed05c-7754-430c-b0de-632363fdb848,Amara Wilson,amaraw@faculty.edu,Statistics
463ec0db-0da4-4141-bf43-f27a9b16f313,Mila Moore,milam2@faculty.edu,Mechanical Engineering
c05ac242-6f78-4a6f-b4ad-e17d5793c521,Neel Johnson,neel-johnson@faculty.edu,Chemistry
89426479-87a0-45da-8495-b43c20a2e953,Quinn Williams,quinn-williams@example.edu,Biology
8f37af3b-d037-4246-a358-9ffc2d2e2f42,Jordan Martinez,jordanmartinez@example.edu,Public Health
938b70b4-915a-411c-883a-b754d79dd283,Logan Kumar,logankumar@research.edu,Business
fc569617-4078-4f5d-90be-70481069a2a7,Sophia White,sophiawhite@university.edu,Sociology
943ee334-521b-43b3-ab51-b76f5bdd6997,Aiden Miller,aiden-miller@faculty.edu,Linguistics
ad8b4517-5930-46a3-b43d-f0d529448b8a,Mila Sanchez,milasanchez@university.edu,Linguistics
269be307-5680-41e1-b71e-198f41fc51f0,Emma Miller,emiller@university.edu,Linguistics
e001eee7-f3b0-4732-827f-ee78fb02b9a6,Taylor Thompson,taylort@faculty.edu,Mechanical Engineering
4d6a90ee-1cfd-413a-80f5-49ff38aca908,Mateo Perez,mateo-perez@research.edu,Public Health
7ab732d3-e768-4e2a-b291-5e9655fdb1d4,Peyton Ramirez,pramirez@research.edu,Business
453e7da9-9802-443f-9ddb-7d4f90bb4aa5,Kai Ramirez,kairamirez@faculty.edu,Anthropology
b9b9567a-21e6-47e4-9564-35c4643a8fc0,Caleb Patel,calebp@research.edu,Linguistics
b03754cc-ee6f-4168-8da4-22d404d4951c,Isabella Lee,isabellalee@university.edu,Physics
61f3f9bc-6824-435c-9e0d-542c6e784b9a,Lucia Thomas,luciat@research.edu,Statistics
3bf08873-0712-4880-841a-57f56e0ce359,Jordan Nguyen,jnguyen@example.edu,Public Health
6f5dd29b-9fd9-487c-9c6d-79d493bfb3c4,Liam Thompson,lthompson@faculty.edu,Physics
fc2e5488-4e56-4574-bb25-5a33ac06449b,Layla Moore,layla-moore@example.edu,Mechanical Engineering
a5083aff-5d3c-4625-9594-31d60824a3f2,Emma Clark,emmac@example.edu,Business
4f977bce-6d8a-4db6-822f-e125e85f7852,Neel Nguyen,neeln@university.edu,Mechanical Engineering
bc110fff-9fdf-4d12-86d7-60e7edf19549,Ethan Anderson,ethana@example.edu,Mathematics
58d54a62-ccfe-404f-915b-a09379521f83,Omar White,omarw@faculty.edu,Economics
b2070f26-11c0-438b-b8d5-bcee047256c2,Arjun Perez,aperez@research.edu,Physics
48d209e8-8940-4f38-be06-7ce87babfcd9,Aiden Taylor,aidentaylor@university.edu,Biology
da000e11-b23b-427b-9d21-00258405c7ec,Amara Davis,amaradavis@example.edu,Biology
64767943-04d8-4002-bc8c-dd393e379e52,Neel Moore,nmoore@university.edu,Biology
74e24eb2-eccc-4451-baed-918d9eafa7ca,Ethan Anderson,eanderson@example.edu,Mathematics
76e0f289-a367-4682-b6d2-57c727d7ae65,Avery Khan,averykhan@faculty.edu,Electrical Engineering
78072254-a64f-466f-b077-3b82d403de41,Riley Chen,rchen@example.edu,Philosophy
3f3e9e8b-6c4a-4783-ac42-1369eadd9714,Elena Miller,elena-miller@faculty.edu,Public Health
fcf989f2-0dd9-4805-9e80-def9348cbca9,Neel Lewis,nlewis@example.edu,Electrical Engineering
14d1d423-69b4-4cf0-992f-a81e08a19618,Sophia Patel,sophia-patel@university.edu,Neuroscience
1db8e4ef-411b-4ce5-94b8-871e8dedad43,Elena Jones,elena-jones@example.edu,Psychology
dbc1c3d6-878f-487a-a761-bea6930fcfd3,Fatima Martin,fatima-martin@example.edu,Biomedical Engineering
ff7273be-54e0-430e-8f86-38fca0ab9a89,Arjun Clark,arjunclark@research.edu,Political Science
bb3b48c7-aa28-463a-8e45-1db24f1e15d8,Lucia Martin,luciam@faculty.edu,Linguistics
65cccbf4-cf2c-45ed-92c2-9130044956fe,Mina Brown,mina-brown@example.edu,Philosophy
649e4871-6856-458b-bafe-cd1e3aa167eb,Liam Taylor,liam-taylor@example.edu,Chemistry
d69c44bc-32bc-407b-8c18-62fce1483697,Aria Chen,aria-chen@example.edu,Computer Science
4c4b15cc-aecb-4b95-8da8-59abba28ee6a,Anika Lewis,anikal@faculty.edu,Electrical Engineering
c2185e25-7d61-4fd2-940a-cb435d736c5b,Olivia Jackson,ojackson@research.edu,Mechanical Engineering
8cd1ee6e-fa07-4380-8ddf-37bc1db604b4,Olivia Taylor,oliviataylor@research.edu,Biomedical Engineering
94ae652b-2a84-44c4-8400-e2811816dbb0,Caleb Anderson,calebanderson@faculty.edu,Psychology
0d8f27f0-711d-49b9-8990-91a4efa43ad5,Quinn Brown,quinnbrown@faculty.edu,Anthropology
ac756d5d-ebc6-4b03-8b3e-73f8223f0940,Fatima Jackson,fatimaj@university.edu,Political Science
b10dba88-8ea3-49a6-9065-893bfd6f6d9d,Aiden Sanchez,asanchez2@research.edu,Political Science
06eaa232-445b-4a84-86e4-3430dc1a13d7,Hayden Rivera,hayden-rivera@research.edu,Statistics
eb0f4e81-e7a3-42d1-9b64-d624c9bb2824,Layla Taylor,layla-taylor@university.edu,Chemistry
82e5c9b1-d9cd-4896-a85d-493c3f5ac0b1,Fatima Shah,fatima-shah@faculty.edu,Linguistics
5c0203df-2e38-4779-95e2-7980f9448bb2,Taylor Lopez,taylorl@research.edu,Physics
2739d9e5-5896-492c-85dd-e3eaab833e55,Aria Shah,arias@research.edu,Mechanical Engineering
e0ad37ce-2655-465c-afd9-322e3b49c984,Neel Thompson,neelt@faculty.edu,Statistics
65297cdb-cbcc-4e8e-8816-28672f4e954f,Peyton Hernandez,phernandez@research.edu,Business
85385a5f-c48d-46be-b5b7-1977287d390c,Elena Jackson,elenaj@university.edu,Political Science
7b6c5a1e-3c7c-48c8-850e-6366771362b8,Hayden Lee,hlee@faculty.edu,Biomedical Engineering
c9db11e3-1187-46f9-86fd-c0cd642e2f0a,Ishan Kim,ishan-kim@research.edu,Economics
e74cfd98-d7d0-4a98-999a-b0735fd00278,Riley Gonzalez,rgonzalez@research.edu,Philosophy
713c5550-e822-4e8d-a1df-cea3e4c12931,Lucia Brown,luciabrown@faculty.edu,Education
4f857a16-fc94-4b75-9840-19437fb4dd77,Casey Jackson,caseyj@research.edu,Biomedical Engineering
fdd601af-0aad-4e4a-a6c9-94c81f99bd62,Jordan Rivera,jordanrivera@example.edu,Mathematics
9b48c842-8d39-40ca-9897-60efcd887ca8,Arjun Smith,arjuns@university.edu,Chemistry
7f165a13-5ac8-4668-bef5-85c46c7c0143,Logan Walker,logan-walker@example.edu,Public Health
c4d408d3-8b4c-4fa5-a9c3-93a616300c5f,Ethan Kim,ekim@research.edu,Public Health
ff0d502b-cbd8-443a-9420-0476f5dbb3b8,Neel Thomas,neelt@example.edu,Neuroscience
7d7f537a-3734-4cd1-96ad-e38a271ac0ba,Noah Rivera,noahrivera@university.edu,Physics
8b2c7188-e94e-4c1c-b789-6ce6e8143a2d,Anika Perez,aperez@university.edu,Mathematics
60a01596-c8cb-4bba-85f5-b51603470369,Aiden Shah,aidens@example.edu,Political Science
b25b30a4-c12c-406d-9668-2fd8ec54ad8c,Caleb Patel,cpatel@faculty.edu,Education
e0bb6019-c32e-4019-9e92-cb17b74da553,Caleb Harris,calebh@faculty.edu,Biology
9f1a950e-fbac-478f-bfde-ff9b6494368f,Emma Kumar,emmak@example.edu,Economics
8f7a5b64-cdb5-4c37-8b91-afaa79b0cc13,Taylor Lee,taylorl2@research.edu,Neuroscience
10948a83-e39a-4e85-a28e-5e11eb489e65,Kai Nguyen,kai-nguyen@example.edu,Nursing
bee40525-3747-4a9e-9f74-4d694f9db70b,Omar Perez,omar-perez@research.edu,Biomedical Engineering
4ef83cf4-05a4-4ee1-8a1f-407bbe222fec,Nora Walker,nora-walker@example.edu,Economics
3cdd2eec-d889-4e2b-833b-83952bbe389d,Kai Jones,kaij@faculty.edu,Statistics
6f1bc4b9-47fa-45d9-8cdf-ee834f30dae8,Mina Sanchez,mina-sanchez@faculty.edu,Art History
bdae60da-1ce6-47c2-b00c-579e1009d764,Caleb Harris,charris@research.edu,Education
956b69db-015c-45f5-8a7d-a89a127fd5ac,Taylor Jones,taylorjones@faculty.edu,Chemistry
e779725e-1acb-45c3-aad6-b95bb86ccacd,Hayden Ramirez,hayden-ramirez@university.edu,Political Science
e4a75aa9-7dc5-4b3f-9a74-95b0c9e0f5f3,Maya Martin,maya-martin@university.edu,Statistics
48d5f19c-dcc7-4ab6-ad62-bd8398283d7b,Riley Jackson,rjackson@faculty.edu,Economics
d079eaeb-af88-4c3a-9668-e630a25b196f,Kai Thomas,kait@example.edu,Sociology
a7083e8b-74bf-4302-8b80-9b937d7ad1ef,Aria Garcia,ariag@example.edu,Public Health
da8aecaa-fe73-4eae-ae6e-383257727534,Omar Martinez,omarmartinez@research.edu,Philosophy
81c54b3b-9b9e-4715-a4fc-b7c64c7d5f11,Sophia Walker,swalker@university.edu,Political Science
e777e4dd-bb9e-4ade-a0d1-d1e74c70c631,Ethan Khan,ethankhan@university.edu,Political Science
fc956e5f-28e6-4ff1-8444-b6ccc61c9606,Zoe Shah,zshah@research.edu,Business
48e3a35f-e268-4dc3-8433-6e4c30dcc2ee,Sophia Walker,swalker@example.edu,Neuroscience
01db1234-8754-4fb0-ae52-281f70c51ab8,Neel Miller,neelmiller@research.edu,Linguistics
8cd354c4-fe03-4fb2-a107-1fe2d36643b9,Zoe Kumar,zkumar@faculty.edu,Computer Science
5c0fc9f3-f5ef-47b0-963f-867dda728c2c,Ishan Moore,ishan-moore@university.edu,Anthropology
5f22ece2-03ab-4e52-894e-08d3b6597702,Elena Jackson,elenajackson@faculty.edu,Chemistry
ee08bde6-ec3a-4f61-8b41-989ba5a5244d,Noah Taylor,noahtaylor@university.edu,Philosophy
3eb0fb1c-75e1-45c1-9b62-7f3a7bbf8435,Taylor Martin,taylorm@university.edu,Linguistics
b3968a1c-4d1d-45e4-945b-51345cd1ffc9,Leo Rodriguez,leo-rodriguez@faculty.edu,Statistics
b8bf574f-4c38-4e02-91d2-f1dc84728e6b,Anika Lopez,anikalopez@example.edu,Education
65c4b029-4ee1-44d8-897e-cb9e796d2095,Leo Singh,lsingh@example.edu,Physics
5d09d291-fe9d-4033-aeb7-3e3c14147032,Neel Jackson,njackson@university.edu,Political Science
2e6840b8-a347-4150-b55a-dc8905ea1cf1,Quinn Martinez,quinnmartinez@research.edu,Education
3cfef5b2-56d5-4790-8d21-df4a1533c01f,Leo Garcia,leog@university.edu,Physics
c134b7b4-81d4-447a-b0e9-9d0c58dc9fac,Caleb Davis,calebd@faculty.edu,Art History
903aab62-2da0-4282-88fe-d3069e5e18a4,Sophia Shah,sophias@faculty.edu,Biomedical Engineering
15fca4a8-5f81-4f55-8b40-270eb9edd126,Olivia Patel,olivia-patel@faculty.edu,Anthropology
55916a56-6fcc-4283-a24f-ca09252d47c5,Olivia Jones,oliviaj@faculty.edu,Philosophy
1b3da699-4c32-4a59-93dc-90a5b21b0737,Anika Davis,anikadavis@university.edu,Electrical Engineering
f86efa16-bbfb-4eda-81b4-bab4fc34358e,Aiden Nguyen,aiden-nguyen@university.edu,Chemistry
b680bb09-2a62-442e-aab6-beedb816f5cd,Caleb Rodriguez,calebr@research.edu,Data Science
f4b3720c-7db7-48a8-8dd7-f7e3a8f7e951,Caleb Clark,calebclark@research.edu,Philosophy
00be5811-68a3-4c06-8dc9-31a1fde97053,Peyton Nguyen,peytonn@faculty.edu,Electrical Engineering
5a03a67b-f343-4bea-8d07-5c88bcab6b1d,Leo Wilson,leow@research.edu,Chemistry
417ef491-79e2-4d7e-a00a-2f6c8508b746,Leo Miller,lmiller@faculty.edu,Electrical Engineering
c2c7f490-66be-4978-a034-02f8c8ae18f3,Ishan Moore,ishanmoore@university.edu,Political Science
629a0b60-b5f8-40db-b310-68e5bacb37a1,Hayden Wilson,hayden-wilson@university.edu,Statistics
e0305309-0445-4455-8e0a-a01174985e7d,Emma Rodriguez,emmarodriguez@university.edu,Education
3871e9b2-42d5-493f-9c81-ec80b356a581,Liam Shah,liamshah@example.edu,Statistics
30685974-c29e-470f-8bb8-61a7f6559fc2,Kai Rivera,kai-rivera@faculty.edu,Psychology
93185002-839c-437c-bb1b-e1ab689c2275,Casey Khan,ckhan@example.edu,Biomedical Engineering
f5559110-6196-4e97-a672-9aed34220ab2,Jordan Rodriguez,jordan-rodriguez@faculty.edu,Chemistry
a93c5943-c728-43a6-9eed-b4bc91116ba8,Omar Lee,omar-lee@example.edu,Physics
b23cfab5-9030-4666-b916-027cd3d7d43b,Riley Rodriguez,rileyr@university.edu,Mechanical Engineering
e1b13624-7228-4c3c-a568-bda78d55d58e,Neel Lewis,nlewis@university.edu,Political Science
427d3bea-fbf5-48c3-9033-be2e1f70c3f8,Mateo Anderson,mateo-anderson@faculty.edu,Political Science
19e8bcd1-ad4d-47ac-ba63-1f5218a8930a,Jordan Brown,jordanb@research.edu,Economics
03c6c7c4-3408-4faf-bfda-051d6fb973bc,Peyton Nguyen,peytonn@university.edu,Mechanical Engineering
65c53e07-295e-4423-b78f-1b0212599f64,Amara Rivera,amararivera@university.edu,Psychology
549f8cce-687c-4536-b30d-76d3b873dee4,Isabella Shah,ishah@research.edu,Anthropology
3a59bf23-39ab-4b55-afb1-a498fc81c66e,Nora Jackson,noraj@research.edu,Biomedical Engineering
d040788b-158f-4e16-9747-4493b3f6060a,Logan Chen,loganchen@research.edu,Political Science
c6f368c4-2e1d-4e3b-9f47-71c5a86afac6,Olivia Clark,oclark@research.edu,Neuroscience
def74464-4773-47d8-8295-9217af55c0df,Anika Miller,amiller@research.edu,Statistics
7541849b-2762-4e46-978a-124f093ff72d,Sophia White,sophiawhite@research.edu,Mechanical Engineering
5a7badb2-5279-4ffa-bfb5-d4fe08924dcb,Hayden Garcia,hayden-garcia@research.edu,Biomedical Engineering
7d2bc1c3-1abd-4c0b-bd50-0d65dea5b862,Leo Rodriguez,leo-rodriguez2@faculty.edu,Art History
1b996ca6-2035-4a2d-923c-c1a223f994cd,Logan Clark,lclark@research.edu,Electrical Engineering
4782db32-c7cb-4d7e-9b05-5d8a63e1a1c5,Ethan Rivera,erivera@faculty.edu,Biomedical Engineering
358c29cb-dec9-408d-840b-82b6a116928a,Fatima Kim,fatimakim@example.edu,Art History
517b0164-7fd4-467b-b8a0-5e0122e13705,Neel Anderson,neel-anderson@faculty.edu,Education
7b7342d0-f330-4cd5-9a38-7386113d6f03,Leo Davis,ldavis@example.edu,Economics
b404d8d1-46e4-48c4-b166-44cab15ab9e9,Arjun Chen,arjun-chen@faculty.edu,Computer Science
42febff0-3ed1-4c97-9e4e-b86c9992ef73,Aria Moore,amoore@faculty.edu,Data Science
6d3b3b62-fd0d-4721-9769-d1756cbbd82e,Avery Lopez,averylopez@research.edu,Mechanical Engineering
16ba0349-ab15-4593-ae50-66fc0e2ffcfa,Kai Johnson,kai-johnson@example.edu,Neuroscience
d0099931-9939-4f44-a284-15f046fabefc,Anika Walker,awalker@example.edu,Data Science
77a76c5d-5c73-4298-a2ee-481c995154bb,Aiden Lee,aiden-lee@university.edu,Psychology
68c5f115-466e-4dd6-8fd4-cbfc039089a3,Maya Brown,maya-brown@faculty.edu,Political Science
e78d7d3c-5764-4f12-b054-d441fd578865,Diego Nguyen,diegon@research.edu,Physics
d98c8caa-a92e-48f0-a90f-2bd1da24d377,Liam Kim,liam-kim@faculty.edu,Economics
f2d97afb-b2e6-4f51-a393-1876759da5c4,Logan Jackson,loganj@faculty.edu,Electrical Engineering
d6cdad75-4084-48fa-8c16-92ff5c0445be,Olivia Sanchez,olivia-sanchez@university.edu,Biology
8480a109-5ba6-46f1-b45f-fe2b4db3d14c,Aiden Wilson,aidenwilson@faculty.edu,Mathematics
29fdf34f-c78f-4559-b158-bee931636a44,Amara Davis,amara-davis@research.edu,Economics
e40edbb8-8ecf-4eaa-91d8-0e84dcf24cc5,Aria Rodriguez,ariar@example.edu,Nursing
d1fcc109-5518-4c20-b268-e4276968d118,Arjun Thompson,arjun-thompson@research.edu,Electrical Engineering
e3edd045-6af1-4693-b92f-0a169575b062,Diego Johnson,diegoj@university.edu,Statistics
00bb7639-63b3-46c6-9faa-51dea6f8ea8a,Fatima Ramirez,fatimar@research.edu,Mathematics
c6fac7ce-9c46-4cc8-be82-1df949d264a7,Logan Sanchez,logan-sanchez@faculty.edu,Sociology
35910b6f-e12b-4fb9-8faf-debeaa5798c7,Mina Walker,mwalker@university.edu,Economics
b2a0f4dd-e56e-48bf-91b1-feccb5666ef5,Peyton Thomas,peytont@research.edu,Nursing
8ce1da8f-d5aa-467e-a4f3-dfeb396a0e41,Hayden Sanchez,hsanchez@faculty.edu,Chemistry
cfeb5b39-f591-4de5-b2c1-0036adc941ba,Sofia Hernandez,sofia-hernandez@university.edu,Nursing
cb9b7abb-3713-496b-8b1c-13ff55ec8879,Mateo Gonzalez,mgonzalez@faculty.edu,Philosophy
e47764bd-ab64-4392-850e-f1bcc2184a7b,Kai Thomas,kai-thomas@example.edu,Physics
8f9a1b5a-a32a-4f00-b173-e70936669913,Noah Lopez,noahlopez@university.edu,Sociology
a3b707f2-30bd-4830-a997-83fc6655b249,Elena Walker,elenaw@faculty.edu,Philosophy
d7148d12-9ea7-4c55-aca6-ed92b27ba631,Amara Martinez,amaram@university.edu,Public Health
db130a43-d7dc-4f8b-a6e5-9f6df325f145,Lucia Martin,lmartin@university.edu,Data Science
8fb52184-23d1-4125-9564-a3d2aac9a2b5,Mateo Jones,mjones@research.edu,Political Science
3596d490-f821-44e4-ac61-241e0a39483e,Taylor Brown,tbrown@faculty.edu,Mechanical Engineering
d080d365-e061-421d-b2a2-be05dd1abf24,Hayden Rivera,haydenr@research.edu,Linguistics
c2715f87-0cfd-4e91-87e2-dd0ffd7fbafe,Arjun Williams,arjunw@example.edu,Statistics
6c347810-b5da-4589-af85-930e7c2d0c79,Layla Patel,laylapatel@university.edu,Political Science
3e90d1fd-9a32-451f-b072-5335e6bea895,Peyton Perez,peyton-perez@example.edu,Electrical Engineering
1763477c-f3b0-488c-9ef7-2413fd220fea,Emma Lewis,emmal@example.edu,Data Science
6eae0f6e-41a3-46d2-9412-3928491ca288,Leo Jackson,leoj@research.edu,Statistics
9e8907bf-5b6e-4192-9341-9eea6847b96e,Layla Brown,lbrown@university.edu,Statistics
4efd31db-fd77-4ea1-b7d4-9c49cd2321a0,Peyton Chen,peytonc@faculty.edu,Physics
ff859048-c35d-44a1-832b-9137f1d492cd,Layla Martinez,lmartinez@university.edu,Linguistics
055dc909-3f14-4d3e-9e40-921563113aa4,Kai Thompson,kthompson@research.edu,Psychology
d8cd5c40-8bd6-4620-a2e2-df546a3ba58a,Layla Garcia,lgarcia@research.edu,Philosophy
ec6eefae-6773-4ef2-9881-f9cca099f2d9,Sofia Rodriguez,sofia-rodriguez@research.edu,Nursing
a5449c0c-8916-4ecb-aa58-60adbac46fea,Leo Johnson,ljohnson@faculty.edu,Sociology
c2346e29-7544-427c-8473-4a77dda343a7,Liam Perez,liamp@example.edu,Chemistry
a365dd00-5ba2-4e10-9298-ab19134ebf55,Casey Martinez,casey-martinez@faculty.edu,Biomedical Engineering
9017dad1-3924-4063-8879-799ff46d13e4,Mateo Khan,mateo-khan@faculty.edu,Anthropology
e8a8314c-fa25-4084-bd22-e90dc180842b,Casey Rivera,caseyr@example.edu,Sociology
b2f06442-17ea-4150-82e7-d8fed2e54d42,Aria Hernandez,ariah@university.edu,Economics
fdca1f2e-5c36-46a9-b36a-2a73a78d87a2,Leo Thomas,leot@faculty.edu,Political Science
0368376b-6991-4010-ae85-73564d13e04f,Olivia Khan,oliviakhan@faculty.edu,Public Health
187f89a4-a3d8-4b55-85a5-62be70c18101,Noah White,noahw@research.edu,Mathematics
fe2793fa-e7f4-494a-83f8-8ffc2a6a188f,Mila Kim,milak@example.edu,Biology
e34f4eeb-2bf3-4b98-958f-ab935c9bd553,Layla Rodriguez,lrodriguez@university.edu,Philosophy
b57564c8-f795-4eeb-aec0-df5e0ef418a4,Neel White,neel-white@university.edu,Mathematics
6ee220b4-2bf2-449c-86aa-a09b555e29b6,Hayden Hernandez,hhernandez@research.edu,Nursing
428c575e-62ed-493a-a30e-ba69bec377d8,Kai Ramirez,kai-ramirez@example.edu,Political Science
79eaa0d3-8bc5-412e-8889-d787c3d4adc5,Zoe Johnson,zoej@university.edu,Neuroscience
8bcf2257-fee5-4e87-b59e-d3ecfb214706,Mateo White,mateowhite@research.edu,Mechanical Engineering
4d433770-984e-4e8d-a137-d8200deb1a03,Leo Anderson,leo-anderson@faculty.edu,Biomedical Engineering
c2858cb8-9e2c-4dfd-9c0d-05ffb9050c47,Sofia Martinez,sofiamartinez@university.edu,Mathematics
9ab921a0-3f01-4d80-8d01-54f5605de977,Neel Rodriguez,neelr@research.edu,Anthropology
31bbd020-e9f1-4075-ba10-ae2d4c694e07,Avery Garcia,avery-garcia@faculty.edu,Biology
670ba810-faaf-46fc-ae95-08096da71f0e,Kai Chen,kaic@university.edu,Mathematics
56c4e020-7830-403e-8a68-6348dc51a761,Emma Martin,emma-martin@university.edu,Chemistry
8b1b37f7-eabf-45aa-a474-6432acd26e13,Anika Walker,anika-walker@university.edu,Public Health
4a517eff-6dc0-492c-bc15-697ebab0acb4,Layla Khan,layla-khan@example.edu,Business
eac6f875-5e5b-4599-81fc-6ae97982813c,Kai Jackson,kaij@university.edu,Anthropology
31b52077-5f44-43b6-94c5-2179f649d347,Zoe Thomas,zoet@example.edu,Art History
84d2b9a0-7370-4453-9683-dacb99920ace,Hayden Singh,hsingh@university.edu,Nursing
10f690ae-b854-4e1c-800a-f646d21c718e,Caleb Kim,caleb-kim@research.edu,Public Health
0131304d-8360-4ceb-bd90-63f8eea24efd,Taylor Harris,tharris@faculty.edu,Computer Science
f1a42d49-88a3-4257-88f1-2c6f7db103ec,Zoe Jones,zjones@example.edu,Art History
b483dd5d-3322-485e-b081-8081f85e398d,Peyton Shah,pshah@example.edu,Electrical Engineering
795c460f-6fd0-4c33-bf21-c56627d7d5de,Zoe Khan,zkhan@example.edu,Art History
9edcb632-ab73-42f6-806e-adf7768e3027,Priya Patel,priyapatel@example.edu,Mechanical Engineering
5ea913f2-3527-4045-ad0f-2d82e684a06e,Priya Williams,pwilliams@example.edu,Electrical Engineering
1e8525a2-a9d0-4de9-bf29-342637055cb5,Noah Williams,nwilliams@faculty.edu,Nursing
c0725a99-30fe-4b66-b4f8-f3470a572b63,Ishan Khan,ishank@faculty.edu,Electrical Engineering
771b9934-52c7-4101-b036-605b665666f5,Noah Jackson,njackson2@university.edu,Philosophy
fa19b5f3-06fa-4b26-b708-86a7c6b35132,Sofia Moore,sofia-moore@faculty.edu,Economics
13f18bab-f8b3-4ee7-84ed-d4a4905459a0,Ishan Lewis,ishanl@faculty.edu,Sociology
aa4993e8-9697-49e2-827b-d40983a52dfe,Elena Nguyen,enguyen@faculty.edu,Mechanical Engineering
5ff2dcc2-075b-4f94-a0c8-5d194d47f596,Diego Garcia,diegog@example.edu,Education
3142caef-cefd-4f53-ab15-8e1fdd40db66,Ethan Lee,ethan-lee@university.edu,Statistics
88ac038f-40c8-4ce0-aba7-59b145870c40,Ethan Martin,ethanm@research.edu,Sociology
1fa242ad-f89d-4474-acec-f5061aa2e809,Lucia Thompson,luciat@university.edu,Data Science
68a739eb-8294-4d51-852f-8240be60f52c,Mina Ramirez,mramirez@university.edu,Mechanical Engineering
3cfb2d88-73d7-4f74-af40-44945fd7f2da,Ishan White,ishanwhite@university.edu,Psychology
fd9b3ff9-88f1-49c3-8a07-9b3794df69ce,Layla Lewis,layla-lewis@example.edu,Mechanical Engineering
c4694696-757a-443c-977c-c90945e61439,Emma White,ewhite@research.edu,Linguistics
8e215082-e061-4c3a-b550-3df351e24336,Taylor Rivera,taylorrivera@research.edu,Data Science
6915fefe-d379-448d-b669-5384d8950470,Leo Lewis,leo-lewis@example.edu,Nursing
6b104f02-2979-40fe-9028-ddd9a165f47a,Leo Sanchez,lsanchez@faculty.edu,Chemistry
74868a4f-475c-4af4-a86b-e6a91d60633f,Logan Johnson,loganjohnson@research.edu,Nursing
83c03fdb-3621-4e0b-870d-e72f2cef8eda,Mila Chen,mila-chen@faculty.edu,Physics
9ce7109c-77a8-44c5-a0b0-df3c275b7bd3,Lucia Wilson,lwilson@research.edu,Biology
c63b535f-d5d1-442d-bc65-980c6555ef55,Logan Rodriguez,logan-rodriguez@research.edu,Sociology
2bb07087-f20f-43d2-9783-90db089b3722,Lucia Garcia,lgarcia@faculty.edu,Business
dfef21ad-115f-4efe-a1f3-9f24ec50be24,Quinn Chen,qchen@faculty.edu,Sociology
f46cfb8c-c92b-4b86-a02e-f4870ebda170,Aria White,ariawhite@university.edu,Biology
9756b73d-0e86-46f1-a070-ae4b01cee5db,Casey Thomas,caseyt@university.edu,Data Science
d5e49aba-3a32-448e-a8ac-d7a949d7c6d0,Arjun Kumar,akumar@research.edu,Education
b2ec6a97-b9db-447d-8e67-0fea49c3884f,Casey Garcia,casey-garcia@faculty.edu,Neuroscience
9d55de3e-b112-44ba-a934-ffc3e1648a5f,Neel Singh,neels@research.edu,Linguistics
19bfc912-89d2-4767-b08b-a1728da52336,Quinn Rodriguez,qrodriguez@university.edu,Political Science
e519e694-1b1a-42e5-b129-0f1e65eb3990,Priya Singh,psingh@example.edu,Education
cd8be58c-5ce1-41f9-8e1a-98d93ef84011,Omar Lopez,omarlopez@research.edu,Nursing
bee73fad-10b2-44cf-9ca6-80b6890df2c8,Riley Davis,rileydavis@faculty.edu,Sociology
9d36eea8-8be0-43ca-a5ea-7778e0d5712c,Maya Lee,mayalee@faculty.edu,Nursing
12f4faec-bd6e-4c83-a66d-e3229deb6aaa,Ethan Garcia,egarcia@example.edu,Philosophy
2e1e34c2-7eba-4173-bce1-cba21c3f88ce,Arjun Moore,arjunmoore@faculty.edu,Anthropology
d2763aa9-0e0b-40bd-a06e-a46efedb1fe9,Caleb Garcia,calebgarcia2@example.edu,Sociology
977a9b16-8a2e-443b-bc95-c9ac4eaacc1e,Mina Rivera,mrivera@university.edu,Computer Science
22963728-0c3a-4ac4-bcfd-726371f6fc38,Hayden Williams,hwilliams@example.edu,Linguistics
718bf96c-0de3-4048-aa48-711cc398e1e4,Anika Johnson,anikaj@faculty.edu,Philosophy
5dfeb35c-7cba-4cfa-af19-71ae3015b2a5,Aiden Patel,aidenpatel@research.edu,Mathematics
8c4089fa-a3f5-4ed6-8ece-09af1b28378d,Priya Jones,priya-jones@example.edu,Political Science
6e60f361-0d93-4f6f-8f1f-2361c397b8f6,Anika Patel,anikap@example.edu,Statistics
90a66c1f-0a8c-4e6c-912c-275919fc8296,Layla Martinez,lmartinez@faculty.edu,Data Science
228dd359-89e4-4ece-8fbc-6457124d8308,Ishan Rodriguez,irodriguez@university.edu,Statistics
b39ee648-d56c-4bc6-b089-1e12711fee00,Emma Walker,emma-walker@faculty.edu,Political Science
c39753cd-f0f7-42bf-a832-04542612c8ce,Emma Martinez,emma-martinez@university.edu,Mathematics
824d4d4e-3f8d-46f7-a35c-e4afcf15a70f,Mila Clark,milaclark@example.edu,Statistics
e008bda0-efcb-42ed-a848-116426fbc3e3,Fatima Lee,fatimalee@example.edu,Public Health
5d1a76ba-1d27-4163-a049-80beeb9d716e,Mateo Walker,mateow@faculty.edu,Public Health
5c512010-a871-4309-af02-bb0cefc79fc4,Jordan Garcia,jordang@research.edu,Chemistry
52fc3cf1-807f-4697-9266-776bc2a3ee42,Liam Shah,lshah2@university.edu,Electrical Engineering
69022a22-2086-4b7f-8168-86dd6d2a56f9,Ethan Nguyen,ethann@faculty.edu,Education
cc60e244-d87e-49c7-b328-eeecd5cb6ebc,Avery Miller,averym@example.edu,Physics
20cae32a-b389-4ae2-91be-4e54ceec939a,Leo Sanchez,lsanchez@university.edu,Neuroscience
536e27a0-141b-4e63-9bb2-cbdab0ef53a2,Riley Kumar,rileykumar@faculty.edu,Education
1088d795-fdd8-4deb-b377-0f727b109332,Ethan Jones,ethanj@research.edu,Education
c73be89f-9aa1-428e-b637-7e0e5f6da1e0,Isabella Davis,isabelladavis@university.edu,Neuroscience
f3c33bb5-0e7b-49c2-9fb1-a43590e99cf4,Leo Perez,lperez@example.edu,Biology
ec1317ab-06f9-492a-ba76-16d09ee00a4f,Layla Kim,laylak@university.edu,Electrical Engineering
5dfc2a44-2c02-4279-887e-11e9e6f6e02c,Taylor Rodriguez,trodriguez@research.edu,Nursing
ed28dffb-d935-43f3-9002-42bbb6aff043,Priya Martinez,priyamartinez@faculty.edu,Anthropology
2a6ba062-ccf4-493a-9b5b-5a2d8cbc6af7,Amara Hernandez,amarah@faculty.edu,Linguistics
c95426c5-cb83-4bea-80e5-feb0402a70e2,Sofia Kim,sofiak@faculty.edu,Public Health
aaddad46-a391-4cb6-97e7-a4a9d27a875f,Jordan White,jwhite@university.edu,Economics
e5eac224-e9a0-4147-8450-9ddf47a0a301,Omar Martin,omar-martin@research.edu,Physics
bc2b532e-9234-4484-946c-33d7f0f65a7b,Omar Kumar,omarkumar@university.edu,Linguistics
7977299d-cf8c-488e-badb-2e881e1dab73,Neel Hernandez,neelh@example.edu,Art History
e52aa539-7d9f-4757-b535-1953421d7421,Emma Williams,emma-williams@example.edu,Computer Science
0714b078-c60d-464d-aca3-909f44c0d678,Lucia Lee,lucial@example.edu,Economics
bd014684-1a38-43e2-8d41-19a4914df219,Liam Clark,liamc2@university.edu,Business
da0ec51a-a088-4b36-89fe-c80db59b4bb0,Casey Singh,caseysingh@faculty.edu,Art History
dfb5f20a-ebff-4219-b503-83639cf7addd,Neel Singh,neels@faculty.edu,Sociology
3536a7fc-8c55-40ca-a4cb-669fbe709e2e,Priya Khan,pkhan@faculty.edu,Art History
ddb391e2-7498-4d4b-a9b3-eee6a4a8b6c9,Sophia Patel,sophiapatel@example.edu,Physics
7708d90f-6520-4d67-be99-aa62f84831ce,Arjun Martin,arjunmartin@faculty.edu,Mathematics
45c7798d-d22e-4322-bef4-e0d6f46b7c36,Liam Nguyen,lnguyen@research.edu,Data Science
bfb3698c-8c63-4f45-8b9c-0fc046eff01e,Arjun Moore,amoore@university.edu,Linguistics
28b74133-dda2-44ab-a0b5-dc9906b8432d,Caleb Harris,calebh2@faculty.edu,Psychology
620be8e3-ceb2-41c8-a493-265bd5b97ec7,Ethan Williams,ewilliams@university.edu,Data Science
35a2ab68-d6eb-449e-a058-47bc5b070aa9,Lucia Taylor,luciat@example.edu,Biology
a7cb840d-a022-404a-bc00-172b387c6b37,Caleb Moore,cmoore@example.edu,Biomedical Engineering
9c863ef6-00e9-4129-a0fc-8a0321c63e34,Mina Shah,minashah@example.edu,Electrical Engineering
c602fd5c-065c-419f-b3fe-8a82c0e7bf77,Nora Anderson,noraanderson@university.edu,Biomedical Engineering
1e3e1176-86fd-439b-afb0-5b38c1db71be,Anika Perez,anikap@university.edu,Art History
0fb4bd32-58f5-4927-8c46-5cd73fd0f080,Casey Smith,caseysmith@research.edu,Philosophy
7df72962-eda7-4d16-975c-3e1d91a8f4d1,Neel Patel,neelpatel@faculty.edu,Statistics
0fe80b35-0cd6-4218-9109-7ae9539ddceb,Ethan Brown,ethan-brown@example.edu,Education
c5569973-4709-4315-b2eb-069e4479962e,Taylor Lopez,taylorl@example.edu,Electrical Engineering
d8e128ef-733e-4a3e-bbac-ba6b5012a3b5,Ishan Nguyen,ishannguyen@faculty.edu,Electrical Engineering
0b2d8462-ff85-476c-81f7-1d5e74e96878,Avery Martin,avery-martin@faculty.edu,Mathematics
d6116cf9-1a1e-4363-b094-08d657b48254,Priya Khan,priyak@example.edu,Nursing
5510dcae-b045-42e8-b30c-f93833d59d27,Priya Moore,priyamoore@university.edu,Statistics
16857b12-c114-4bd9-b540-ae56fe89c3d0,Maya Walker,mwalker@example.edu,Computer Science
fae228e5-f542-47e3-9d34-d1be35b714f7,Sofia Jackson,sofiajackson@example.edu,Anthropology
2c55ae4e-c41d-4395-b257-a1ebb47d37c9,Ishan Ramirez,iramirez@university.edu,Neuroscience
acae14e4-4b4d-40ed-9080-c1fa7db0660c,Peyton Lopez,peytonlopez@research.edu,Statistics
47527a11-beee-4df2-baa6-93cf13720962,Emma Smith,esmith@research.edu,Chemistry
5d14a111-30f3-4466-8878-c3941d88d385,Lucia Moore,lmoore@faculty.edu,Linguistics
10db172c-ef22-4917-9008-96323e5b4314,Fatima Smith,fsmith@faculty.edu,Business
b8000ad1-78af-4734-8edc-4da2fa3fe5b7,Emma Brown,emma-brown@research.edu,Mathematics
fa52166b-57b1-454d-824e-2294d305252d,Maya Sanchez,msanchez@university.edu,Philosophy
00ec1008-7b22-47e1-8c14-0deefaacd492,Ethan White,ethanwhite@example.edu,Psychology
8387149d-0b82-411f-9e6d-e1c7e3ece4fb,Neel Martinez,neelm@faculty.edu,Economics
7bdd036c-86f1-404b-9737-1b25740638b6,Arjun Patel,arjunpatel@example.edu,Art History
62e187f9-16cf-4361-9d6d-6b06d3771a9e,Layla Garcia,laylag@faculty.edu,Mechanical Engineering
0d38b7a2-91ef-4e38-9068-d895e3ac9fd1,Fatima Davis,fatima-davis@example.edu,Linguistics
ddddfe3d-3ecc-4898-aeec-a5ad65c2b419,Caleb Martinez,calebmartinez@faculty.edu,Nursing
13ed309e-6d4a-46b0-9474-5f3b0385c531,Lucia Davis,luciadavis@research.edu,Mechanical Engineering
a4728c63-c879-4d66-92e4-9b0c2bf95046,Mateo Lewis,mateo-lewis@research.edu,Psychology
3ce0dcd2-0f92-4479-9378-9d72dd1509ad,Mateo Clark,mateoc@university.edu,Education
9002017b-af6f-4ed9-a2d0-c64ad6a37efa,Priya Martin,priya-martin@research.edu,Physics
27f9da23-30d6-42ed-91dc-b60d088f70c5,Avery Wilson,avery-wilson@university.edu,Economics
e6fa95c8-8298-43f2-ab0d-a7fbf2eb63cd,Zoe Jones,zoe-jones@university.edu,Public Health
e2541436-0dad-478f-8743-d66d97f565d6,Taylor Jackson,taylorj@example.edu,Psychology
2b1eb4df-1bfc-4c51-ae26-45a9b131f54d,Anika White,anikaw@research.edu,Neuroscience
1df39cd9-8b23-48b9-a14a-cbcf33483916,Mila Garcia,milagarcia@faculty.edu,Biomedical Engineering
0b920e68-9e46-452f-8542-83b24fd54fc1,Aria Khan,ariak@example.edu,Chemistry
d1e5baac-529e-433b-8d43-64ec053dcc8d,Avery Johnson,ajohnson@research.edu,Art History
9afd59ed-5285-4977-8589-0ea081fb4d40,Caleb Ramirez,calebr@example.edu,Chemistry
6b7fb98c-2cc7-4b25-a3ff-71adc9447d39,Priya Thompson,priyathompson@faculty.edu,Biology
92c71095-750c-4e03-a570-0143082a3a3a,Logan Williams,loganw@university.edu,Chemistry
9e118f18-5fcc-4cab-86a6-8e6e9552ba7d,Liam Jones,liam-jones@university.edu,Political Science
d38be7fb-d61c-48ec-ba11-1c9566347247,Layla Brown,laylabrown@university.edu,Neuroscience
02505270-3d47-467a-9c50-705d279ed7dd,Lucia Anderson,luciaanderson@university.edu,Psychology
1276ed33-1cab-4b0f-914d-18c625892669,Mateo Jackson,mateojackson@faculty.edu,Linguistics
76e01255-69d8-4a07-9aba-eed5bf191ec3,Layla Lee,laylalee@faculty.edu,Psychology
cf14d12e-875b-4f5e-b591-0835b3aa7b80,Nora Anderson,noraa@faculty.edu,Physics
de06eaff-92aa-4016-a047-6000dbde30f3,Riley Chen,rileychen@research.edu,Education
0050404b-60a9-44f5-8ff4-cb55ad555d79,Elena Brown,ebrown@research.edu,Nursing
eaddc6ec-ae4f-48f6-aa43-6c05fe4f6e05,Amara Clark,amarac@example.edu,Mathematics
de09a868-80aa-4eb1-890d-3d538d9d62e6,Mila Lopez,milal@example.edu,Chemistry
d198db32-ea4f-403c-9264-3536c81211a3,Aiden Martinez,aidenm@university.edu,Education
2c1536c5-49a2-444a-878b-8129920828b9,Anika Clark,anikaclark@research.edu,Chemistry
4dce0540-419e-4da8-a338-8ff47c1e4154,Sophia Wilson,swilson@university.edu,Political Science
894c5e49-0929-46b8-8088-f70132cbcd64,Leo Garcia,leogarcia@university.edu,Physics
98af9466-180b-40ec-8cbc-500394b37158,Mila Rivera,mila-rivera@university.edu,Biology
ad887362-aa43-4d08-89d0-905b58059b43,Omar Chen,omarchen@research.edu,Biology
1c453bf1-ca07-4232-ab36-4a348609af58,Sofia Martin,sofia-martin@example.edu,Biology
9a86b784-ebcb-4593-a121-387c58d71c79,Logan Patel,loganpatel@example.edu,Neuroscience
32bc2cad-b121-4699-9e9b-f9e9a0667cdb,Emma Chen,echen@faculty.edu,Neuroscience
85907663-e0d0-46be-a8a8-e99b37931487,Priya Khan,pkhan2@faculty.edu,Physics
30c72e29-d3fb-41e2-a550-3d1f7ba88d6b,Leo Kim,leok@research.edu,Biomedical Engineering
786792b6-2ac4-4555-9299-51b0a6542a1b,Neel Lee,neellee@faculty.edu,Statistics
da8e29d9-5ee2-4f2a-8bb1-81c28ab5718a,Anika Williams,anikawilliams@example.edu,Computer Science
b2bc5cf3-f8fb-406e-b1a8-52ebdbd1b6eb,Sophia Chen,sophiac@faculty.edu,Psychology
5ca74cdc-5b75-4584-80eb-12995ee22acd,Noah Perez,noahperez@research.edu,Linguistics
3ae7d69a-c79b-4dc5-9a36-565e3afdf8cc,Emma Nguyen,enguyen2@faculty.edu,Public Health
a8c064a5-bb79-4b71-9bd6-0becd92a4e99,Elena Walker,elenawalker@faculty.edu,Sociology
7db20be1-edc5-406f-a3ee-d8fb9612d83c,Casey Khan,caseyk@example.edu,Education
9a7b2f9b-82bd-4c64-a535-a0fba4a3b1f8,Riley Singh,riley-singh@university.edu,Art History
44dea44f-b680-4b30-bc71-67a8a77bf04e,Riley Smith,rileys2@example.edu,Philosophy
348a22c8-207a-4497-895e-10faa4b3f672,Olivia Jones,oliviajones@university.edu,Biology
2951e9ff-644d-4453-abe4-69e88462cbba,Mateo Walker,mwalker2@university.edu,Anthropology
5ed2ac99-96ae-4b5d-ae6d-d39c49e797a0,Mina Patel,minap@university.edu,Computer Science
d74caf2f-8375-402e-bf8d-7a14ee33336d,Caleb Chen,calebc@university.edu,Computer Science
52724d44-9a09-4ed3-9645-15c6541c95e5,Nora Moore,nmoore2@university.edu,Nursing
9a6f6c8c-981d-404f-b829-83d4cef49de3,Diego Lopez,diego-lopez@university.edu,Nursing
33f89f44-9b4f-43b5-b896-a17edbece100,Kai Thomas,kaithomas@faculty.edu,Data Science
6b1cd9ca-612b-4ad1-a167-1681e2d0c8bf,Isabella Sanchez,isabella-sanchez@faculty.edu,Neuroscience
d098a4f8-0936-4f63-8f7a-baee39b0596e,Priya Kumar,priyakumar@example.edu,Mathematics
fac1f84a-224d-4be4-b8c1-7e44bc5dab41,Hayden Williams,hayden-williams@research.edu,Neuroscience
c9a61ed6-f802-4858-a2e9-5070145129d3,Mila Chen,milac@university.edu,Philosophy
90a90279-91f3-45c8-ab43-25990c576bd9,Avery Hernandez,avery-hernandez@research.edu,Economics
15a90c3e-db6a-49ce-ba99-acb30aff6f5b,Sofia Kumar,sofia-kumar@university.edu,Chemistry
577df446-17fa-4a3c-b229-8efae99d7db0,Liam Kumar,liamk@faculty.edu,Electrical Engineering
98c69814-84c2-4ce2-a6c3-83bbfe7c8e73,Quinn Moore,quinn-moore@example.edu,Statistics
d37357b4-307d-408e-a298-d341875b2d9b,Jordan Wilson,jordanwilson@research.edu,Mechanical Engineering
599171c2-5c81-4015-a290-a8edd742d1a6,Aiden Hernandez,aidenhernandez@research.edu,Art History
ccb00135-fa39-4963-8029-7a02802a3744,Caleb Perez,calebp@example.edu,Business
0d0c9ab3-a7bf-4acd-9000-b51a29c1418d,Hayden Kim,hkim@university.edu,Biomedical Engineering
e5636478-2baa-41d3-81b4-ef15c7e530e4,Diego Anderson,diego-anderson@faculty.edu,Anthropology
539b722c-cc20-429c-88b7-f3a3428afbf8,Mina Rivera,minar@faculty.edu,Computer Science
0974f668-3eb0-4bef-8be2-ab24f6e719c5,Isabella Lewis,isabellal@example.edu,Data Science
83d23ecd-a6b7-4a69-a37b-f63a33d96986,Arjun Harris,arjunh@example.edu,Art History
376516d3-e244-4e32-b3e2-00870c8349d7,Omar Harris,omar-harris@faculty.edu,Chemistry
1b3f9462-4ecc-4d88-8214-c984fe87948c,Quinn Garcia,qgarcia@example.edu,Neuroscience
8ae327b6-21f8-4353-9634-4c67bd06e3a7,Kai Harris,kharris@faculty.edu,Biomedical Engineering
6430c68f-6170-4237-9acd-a13c4a19a7b2,Hayden Smith,hsmith@research.edu,Data Science
f28fd3aa-ddf3-46ba-8d04-bd381ba90ebf,Isabella Miller,isabellamiller@university.edu,Sociology
87074751-3423-4ed5-8daf-91393d7d0778,Diego Lewis,diegol@university.edu,Computer Science
704c833f-69d1-4e6f-92af-c7b4df5d1a21,Hayden Thompson,hayden-thompson@faculty.edu,Neuroscience
8b3d17a1-9d15-49f0-aa1e-bbb752f9354d,Avery Jackson,averyj@research.edu,Mechanical Engineering
9ea9adc2-7414-4405-9ba3-f53ea5c9f384,Arjun Thomas,arjunthomas@research.edu,Sociology
6ee44de1-8f89-44dd-8568-f9fc198aa921,Casey Moore,cmoore@faculty.edu,Public Health
dc3ccceb-f4be-43d5-a587-d7960d26a5d3,Kai Jones,kaijones@research.edu,Physics
23753e10-fd80-4024-a70a-667a4791a211,Anika Martin,anikam@university.edu,Data Science
e89b8315-e070-47bd-a5c8-36599a3a231f,Sophia Thomas,sophiat@example.edu,Political Science
d1e82912-a8be-4519-8987-e3f2f37d3d31,Peyton Rodriguez,prodriguez@university.edu,Neuroscience
019fbcd1-9eb4-42c9-9f0f-b06c301d8218,Sofia Harris,sharris@research.edu,Statistics
61c62c73-1035-446d-9703-9b3a5b945551,Diego Rivera,diegorivera@faculty.edu,Statistics
8fd25d0e-d4ad-44ea-8eb1-679971d622b5,Layla Gonzalez,laylag2@faculty.edu,Sociology
18fba934-c2d7-4b9f-b564-b79ee985fc89,Ishan Lee,ilee@research.edu,Linguistics
b64ed71b-c4f8-4b89-ac28-e44ce792568c,Emma Lee,emmal@faculty.edu,Neuroscience
a7b0b625-a747-4e41-b021-31acf7504ee1,Leo Davis,leodavis@example.edu,Art History
10b69fe8-8ff0-4366-8e4c-322a0ab56173,Arjun Johnson,arjunj@example.edu,Political Science
67eb3472-6691-42d6-8769-cff9bca7d496,Ethan Jones,ethanj2@research.edu,Psychology
0b809ddb-6589-484a-a6ae-352845924af3,Aiden Thomas,athomas@example.edu,Business
77447fcb-4463-479c-9ef6-9a82ff89bb5d,Diego Harris,diego-harris@research.edu,Anthropology
9b874ce6-2c57-4826-9981-bde83cc8f66b,Neel Shah,neels2@research.edu,Education
558722d2-0b91-444e-9829-2c57a6cc30a9,Taylor White,taylor-white@university.edu,Chemistry
9293a433-3c1d-481f-88e8-dd71b7142be6,Zoe Hernandez,zoe-hernandez@research.edu,Statistics
5b0aecaa-fd4e-409c-b2f6-9e2bd5060e17,Diego Miller,diego-miller@university.edu,Physics
60350959-d86d-4b47-9df3-1f5fb89780da,Olivia Kim,oliviakim@research.edu,Data Science
f9e55219-313f-41b9-b3ec-1bcd464ec297,Ishan Walker,ishanwalker@faculty.edu,Computer Science
fd08c3c0-075a-4e3c-8063-31724f8763a4,Neel Miller,nmiller@research.edu,Mechanical Engineering
af5ca00f-f5a7-4578-a97e-85170cf01dc0,Logan Martinez,lmartinez2@faculty.edu,Statistics
852009f5-d4f3-4592-b9bc-b62defb977a1,Priya Wilson,priyaw@faculty.edu,Public Health
01755050-fbd7-498e-82bd-c73ab00ce307,Peyton Lewis,peytonl@faculty.edu,Mechanical Engineering
7c342f28-b32f-4479-bf49-536e2a01fcca,Aiden Williams,aiden-williams@university.edu,Statistics
7b0ff085-6443-49bb-9899-1653a6856f40,Peyton Hernandez,peytonhernandez@example.edu,Education
133f3bbe-f3d1-4d5c-988f-f90f85df32e7,Maya Perez,mayap@research.edu,Chemistry
c687ae52-2400-411c-80de-a8cea47a098c,Ishan Lopez,ishanlopez@research.edu,Neuroscience
91ad66dc-0f8c-4433-ba3f-97a762945441,Jordan Gonzalez,jordang2@research.edu,Neuroscience
149f90be-e261-4bb4-b39e-541cb50ce865,Avery Wilson,averywilson@faculty.edu,Business
ddbbe2c4-48cb-4f7b-941d-ee210b8ff788,Quinn Kumar,quinn-kumar@example.edu,Data Science
0e4eaae7-9aad-4ef9-a1da-c0707497d4fc,Amara Gonzalez,amarag@university.edu,Physics
b5646d9a-54e3-4c96-9b70-6b350ce0098a,Elena Singh,esingh@research.edu,Anthropology
0b54176a-891c-4b3b-b3a6-8c33e5c3b6e3,Ishan Shah,ishan-shah@faculty.edu,Data Science
512220a7-f45b-4897-8760-b104b31f1c56,Priya Lopez,plopez@university.edu,Art History
f05726e4-db92-4eaa-92c3-a9724432f125,Casey Lee,casey-lee@example.edu,Mathematics
14a2da37-2496-4464-99cb-1b40b94e2fb0,Logan Lopez,llopez@example.edu,Nursing
cb68d729-c34c-4673-a0da-57ba3404ae82,Mila Clark,milaclark2@research.edu,Economics
9db0e215-e838-4d0d-a972-dd23f88f06b5,Aria Nguyen,arianguyen@example.edu,Public Health
49325e53-cdb8-4143-b983-ee4b3e3c5d93,Ethan Rodriguez,ethanrodriguez@faculty.edu,Political Science
c907dd8f-f14c-44ae-87ba-73a15b61fe5b,Mina Brown,mbrown@university.edu,Public Health
34bd60d8-a047-4b66-a806-0e0b8f1b2896,Casey Gonzalez,caseyg@research.edu,Economics
3ded2b0a-1938-48ce-adf3-a36865eb4b71,Elena Clark,elenac@research.edu,Sociology
e39eb0b5-bb9b-4b82-91bd-f34ecf1d0f21,Hayden Kumar,hayden-kumar@example.edu,Mathematics
aa39bc75-7e37-41da-8418-59693fc0c8bf,Taylor Moore,taylormoore@faculty.edu,Sociology
0607f7e9-616d-495e-99b3-058e94ad6d4f,Priya Kumar,priyak@university.edu,Linguistics
99d2acac-2739-42ec-9d4a-ca4fbd422f3c,Logan Moore,lmoore@university.edu,Political Science
640cc556-7228-451a-ac9f-210915339b64,Caleb Wilson,calebw@university.edu,Philosophy
6d70015c-2ef2-4948-9e80-b39ee2ac0a68,Emma Martin,emma-martin@research.edu,Physics
cd7fa1e6-70de-46f2-9e87-9b653656e2b8,Zoe Garcia,zoeg@university.edu,Chemistry
2b3543ac-b0b6-4f4e-9a2f-be2b49839f68,Liam Shah,lshah@research.edu,Sociology
03b70c5f-3dbb-4aba-859c-a739c4a20b76,Mina Rodriguez,minarodriguez@example.edu,Electrical Engineering
6a01db4c-cc38-48b2-93e9-efe59f24c3bb,Fatima Thompson,fthompson@example.edu,Statistics
119925b4-af77-4733-b83a-90089aa644a3,Ethan Jackson,ejackson@university.edu,Psychology
8eb859f6-f8ac-4d8b-9895-2587f4b29bbe,Anika Brown,abrown@example.edu,Business
36ae7617-c3a5-40b3-973f-eac55500a7df,Casey Thomas,caseythomas@faculty.edu,Chemistry
6adc8172-7a50-485f-942e-24946ac9c758,Ishan Nguyen,ishannguyen2@faculty.edu,Philosophy
fe3c6397-3211-4213-a46c-9fb6a16f2861,Anika Harris,anikah@university.edu,Philosophy
8c1d0420-4456-47ca-80e1-35c2aa54c319,Hayden Sanchez,hsanchez2@faculty.edu,Political Science
ce7f6601-db4b-47d3-abfe-c928c1842a2d,Elena Lee,elena-lee@university.edu,Political Science
c747c262-2b39-4471-a29d-a15d7ec6b06f,Zoe Jones,zoej@example.edu,Economics
6df25fd0-ab54-4ced-b669-86421dfaead1,Liam Nguyen,lnguyen@faculty.edu,Mathematics
dbc4761c-f362-4f09-b60a-4acb417b58a9,Sofia Chen,sofiachen@research.edu,Statistics
18a0f472-0254-436e-ba4b-efbd1205bfd3,Riley Williams,riley-williams@research.edu,Computer Science
e701b01a-87fc-4b20-a0f3-75c2d3f665dc,Logan Hernandez,loganh@research.edu,Computer Science
6b27dd08-9129-4f2c-8116-4ae9943a0048,Diego Gonzalez,diegogonzalez@faculty.edu,Sociology
cd5694c9-9274-4486-baf1-13f816cf9e65,Isabella Garcia,igarcia@faculty.edu,Mechanical Engineering
c69577e0-bb21-4e22-9826-8be35aa57984,Leo Hernandez,leo-hernandez@research.edu,Philosophy
801a64c4-538a-4903-9b54-f2f817288a8b,Aiden Anderson,aidena@university.edu,Business
f0c4efaf-cc3e-42af-9686-5ef088ed5631,Peyton Smith,peytonsmith@research.edu,Mechanical Engineering
9ffd5c24-5130-409d-8e5d-19eb23e74356,Casey Shah,caseyshah@research.edu,Computer Science
5d4f5eb0-e75c-4000-aca9-45f29316e63b,Avery Perez,avery-perez@research.edu,Business
ee061ea8-c948-4aeb-aeb1-145bfb06ef41,Casey Patel,casey-patel@example.edu,Neuroscience
8f433608-9245-4dcf-acb1-df481234d704,Hayden Miller,hayden-miller@faculty.edu,Data Science
0929dafc-7bd0-4b6a-ae08-1bce6fbfa9bd,Aiden Rodriguez,aidenr@example.edu,Philosophy
bd9c6a02-78a7-4897-9139-612d436467bd,Kai Jones,kai-jones@example.edu,Political Science
5647e7c3-b295-497c-9e48-7f5df292b917,Zoe Wilson,zoewilson@research.edu,Anthropology
d6e237ff-7a37-4c31-997e-745818936b79,Lucia Wilson,lucia-wilson@university.edu,Psychology
5b7decfc-06bf-4677-907b-bc9f4d6f9a2f,Logan Shah,logans@faculty.edu,Economics
853da5d5-1199-464e-af83-e0c3b7b15c8c,Amara Rodriguez,amararodriguez@faculty.edu,Philosophy
95b42c0c-8f7c-46f1-bfe0-0db1fef463df,Hayden Thomas,hthomas@university.edu,Art History
2fd99621-1721-4e84-b1bb-09e65f109d21,Aiden Wilson,aidenwilson@research.edu,Mathematics
0523bd62-444f-491a-b751-0a96cb7067cb,Riley Thomas,rileyt@research.edu,Biomedical Engineering
b80863c1-f947-49f1-8026-5e2a9d738190,Emma Nguyen,emma-nguyen@university.edu,Data Science
5b3a52ae-39db-4bb7-8993-9b672dfa3817,Amara Rodriguez,amarar@research.edu,Data Science
7fba278e-d15e-4ee9-afc6-2c99a58c2d91,Caleb Lopez,calebl@university.edu,Computer Science
cceff9a0-5f45-4056-b6da-7453b019591f,Omar Jones,omar-jones@faculty.edu,Biology
ba8b2bfe-4a76-49f8-b5d5-c190d8c6e740,Taylor Brown,taylorb@faculty.edu,Philosophy
66bea39d-8641-473d-964d-c37192d4ef18,Mateo Clark,mateoc@research.edu,Mechanical Engineering
cd224860-a98d-4405-9e19-8e16d0c3b98f,Caleb Khan,calebkhan@faculty.edu,Mechanical Engineering
b2b43a40-9846-40f8-ab51-a4735c549c53,Aiden Garcia,aidengarcia@example.edu,Education
30332e1a-83d7-40fe-b182-7a24483dab9e,Amara Sanchez,amara-sanchez@faculty.edu,Business
7db7dedd-f1c1-4d5c-b14e-73afd7257d07,Diego Thomas,diego-thomas@example.edu,Mechanical Engineering
de5b9d5e-9cd4-4501-a396-e927ade1c369,Diego Davis,diegod@university.edu,Mathematics
e1e0d980-ec20-4329-a532-9fd5b5c786d5,Aria Davis,aria-davis@example.edu,Business
ce1e0f93-64c0-45e9-8643-b481d4e13402,Avery Hernandez,averyh@faculty.edu,Nursing
1b9dd426-136a-467b-9e92-fd16562edfbc,Nora Taylor,norataylor@faculty.edu,Psychology
a33a7c6d-624e-47ce-b965-15de3066f8d5,Isabella Davis,isabella-davis@faculty.edu,Economics
ac3f55ae-0265-479a-88b0-c0fcf9f7bea3,Isabella Singh,isabella-singh@faculty.edu,Business
e5173c17-ab7c-4973-adc7-48ef3e396dec,Fatima Jones,fatimaj@research.edu,Nursing
f8f6bca4-44d6-4ba9-ac1f-73f2e99b039a,Leo Brown,leob@example.edu,Data Science
57b52692-b60e-4660-bc7d-7b7299fc9763,Maya Taylor,maya-taylor@university.edu,Chemistry
5b5c1432-4320-43e3-b80c-705364487925,Mateo Smith,mateo-smith@university.edu,Chemistry
6adf6c24-c483-4a24-b686-ff460d546299,Taylor Patel,tpatel@research.edu,Psychology
d433d7ff-258b-43c2-b2e6-40b2afc76f6a,Aria Williams,ariaw@example.edu,Statistics
fa329240-2ec4-48ec-b874-c49411d49ef4,Emma Clark,eclark@faculty.edu,Mechanical Engineering
d6fc1178-ee4e-4c6a-843d-9901b002dfd3,Fatima White,fatima-white@university.edu,Sociology
1c6bb236-cd93-4ac1-9bd0-dc06c38ad6ac,Olivia Singh,olivia-singh@research.edu,Mechanical Engineering
08d92e23-d5be-4c3c-8046-0f0076c13750,Priya Jackson,pjackson@faculty.edu,Mechanical Engineering
6632d2bd-4cf4-4a81-ad20-b71bec2f5d2a,Arjun Walker,arjun-walker@faculty.edu,Biology
ad0abced-4aa3-4a49-ab68-51816888fcb5,Ethan Kumar,ekumar@example.edu,Political Science
9b92ac92-036f-4ae0-89e5-c082345204c8,Leo Shah,leos@example.edu,Education
e18fb037-93b8-4669-a297-ece44ac004b0,Emma Martinez,emma-martinez@research.edu,Computer Science
c8444eb1-cf71-4f9f-9079-2a56d991b6fa,Olivia Khan,okhan@university.edu,Statistics
45156b3c-be02-4285-bc1c-e2956715286c,Avery Harris,aharris@university.edu,Biology
32a1257d-7d3d-4871-8953-bbe68a89e899,Nora Thomas,norat@research.edu,Electrical Engineering
09166022-6d53-42f1-ae52-d12b96d8ba79,Kai Moore,kai-moore@university.edu,Chemistry
2e7996e9-45d6-4bfd-b43d-4fc43141a80c,Nora Clark,nclark@research.edu,Mechanical Engineering
1ac66881-07ce-4c90-a9dc-92e0141d6e33,Omar Miller,omarmiller@research.edu,Mechanical Engineering
7d6010ca-674f-4643-898a-ad881fda3337,Omar Kumar,omar-kumar@research.edu,Art History
aa1eca5d-3db5-4ad0-9e49-80edfd3970fa,Casey Thomas,cthomas@faculty.edu,Statistics
e05c4b42-6cfb-4ede-bd43-46ef47a784fc,Ishan Lee,ilee2@research.edu,Physics
9cdde757-e8cc-4a76-b4cd-3db8c70b04a6,Olivia Jones,oliviajones@example.edu,Linguistics
94eefb9b-23fa-4234-b1a3-e9d9ef506523,Peyton Martinez,peyton-martinez@example.edu,Political Science
bbb6d52a-0145-4011-93fb-06d4a3b9a125,Priya Lee,priyal@university.edu,Education
fb510a7a-2768-44c6-94af-649d2316e7b7,Zoe Wilson,zoew@faculty.edu,Political Science
9fae89c2-38f1-4e8b-b594-ec0d464804e6,Sophia Davis,sophia-davis@example.edu,Art History
224ade1d-8b6b-4387-a150-8f69212dee4d,Aiden Rivera,aiden-rivera@example.edu,Statistics
9ac44b4f-74dd-4922-a7d0-d3f9f9a4498f,Kai Garcia,kaigarcia@faculty.edu,Neuroscience
02698fe3-a331-4671-8d75-cff08838ab59,Mateo Brown,mbrown@faculty.edu,Sociology
efac674f-b935-425a-b522-aa4ae593ad63,Jordan Sanchez,jordans@example.edu,Biomedical Engineering
89325583-37bb-40fc-825e-f924ddaad6b9,Priya Miller,priyamiller@university.edu,Computer Science
18eb3e1a-f3c2-46e3-86c1-e70bf46621a0,Riley Anderson,rileyanderson@example.edu,Neuroscience
11ab7221-4b3c-454d-8644-268992650835,Leo Garcia,lgarcia@university.edu,Computer Science
a3d8b1ed-d0cc-4920-9452-899cacf1add4,Quinn Gonzalez,quinng@example.edu,Mechanical Engineering
78e9a74c-2235-43e1-bbd0-f96e2a97fd2a,Sofia Davis,sofia-davis@research.edu,Electrical Engineering
8e0b6115-6801-41c5-aebc-a166a71af20c,Maya Kumar,mayak@research.edu,Public Health
5438267c-1b30-41bb-8ed0-6ee76472d28a,Jordan Harris,jordanh@example.edu,Data Science
ab5aa415-3f82-460a-a8d9-93fd95adf8ac,Liam Lopez,llopez@faculty.edu,Political Science
2c8af411-07d9-4045-8e7c-9c46ef7472a7,Kai Williams,kaiwilliams@faculty.edu,Public Health
6bc304f7-1c57-4451-bf0d-0368950a8dfc,Anika Chen,anikac@university.edu,Mechanical Engineering
7f48fbaf-0e15-4070-b5ea-c37a9b019e60,Isabella Harris,isabellaharris@research.edu,Biology
659376fd-849b-46b5-98e6-60c9c0214c9b,Nora Thomas,nora-thomas@research.edu,Business
b2bbc87a-427a-4a8e-b6d3-9d4fd7814a9c,Zoe Patel,zoep@faculty.edu,Linguistics
974acafd-9312-448b-840c-d22e4e26bc34,Mateo Lee,mateol@faculty.edu,Sociology
01e7aed0-0d9b-4da4-a891-dfdbe4983486,Jordan Lee,jordanlee@university.edu,Physics
9f51cb9b-ca5d-4a32-8baf-161ed20134de,Riley Patel,rpatel@example.edu,Sociology
aa81b085-80cf-4cca-8924-866a06810ce2,Peyton Thomas,peytonthomas@faculty.edu,Education
1352292b-b01e-4e5d-a7b3-9478d11399e0,Riley Anderson,rileya@faculty.edu,Sociology
e2bf87e0-0ab2-4db0-8cd9-94e0ed19ad4e,Aria Thomas,athomas@faculty.edu,Linguistics
989dda7a-45f4-40eb-8df9-129383358386,Jordan Thompson,jordanthompson@example.edu,Public Health
2ba5678b-def9-4a0f-9fa5-05a6a9771b82,Caleb Martin,calebmartin@research.edu,Electrical Engineering
7e98f1ca-9841-4213-9020-fa2cdd3ebf34,Hayden Brown,haydenbrown@example.edu,Computer Science
073ecf05-81fb-4426-9014-61d7845ed356,Nora Patel,nora-patel@faculty.edu,Anthropology
c1020ba1-3428-4991-833a-5b2a4d970055,Noah Rodriguez,nrodriguez@example.edu,Statistics
54092004-5184-4dc1-8139-1cbdf93e8a0a,Riley Johnson,rileyjohnson@example.edu,Biomedical Engineering
66bbd35b-989a-489d-a195-0eda0658ba48,Nora White,nora-white@faculty.edu,Business
f989696a-1be8-4342-b041-0e0c483f8eb3,Ishan Shah,ishan-shah2@faculty.edu,Mathematics
dfdb338c-a1f3-42cf-89dd-30ad04f5f402,Amara Rodriguez,amararodriguez@research.edu,Philosophy
ecfcec2a-8835-4823-b8f4-86c734a658fd,Elena Lee,elenalee@faculty.edu,Chemistry
24262653-5fb1-4ea0-a0d2-e4e7c12be373,Omar Lopez,omarl@faculty.edu,Business
e8798ce6-50c4-48a2-a604-bcaba29f3d86,Ethan Rodriguez,ethanrodriguez@university.edu,Business
60be86e1-e48b-4645-a527-d02e5517525b,Fatima Sanchez,fatima-sanchez@example.edu,Anthropology
df853a54-69d6-45a6-b169-b1ad34548644,Amara Anderson,amara-anderson@research.edu,Psychology
98d47a07-51c4-4992-b6d8-ab4bb302592a,Sofia Jones,sofiajones2@faculty.edu,Statistics
69c2cc5e-b95e-426f-baf5-41a64a84a2ab,Maya Garcia,mgarcia@research.edu,Computer Science
db40d378-80c6-4ee1-9db5-a33e6cf3308a,Sophia Wilson,sophiawilson@university.edu,Data Science
ba6865f0-1f4a-4d11-945f-9b2e39f1536f,Sophia Miller,sophia-miller@university.edu,Neuroscience
a4b2e9e7-766e-43c7-a3eb-54061fd9d1c9,Lucia Clark,luciaclark@research.edu,Public Health
d3919acb-4ffc-4539-8dda-bd91ba0779e0,Mila Thompson,milat@university.edu,Public Health
f11ad665-2370-4294-baea-be5f238052db,Fatima Anderson,fatimaanderson@research.edu,Mechanical Engineering
8d5e9992-93af-4151-9ffb-30d63727f3c2,Taylor Jackson,taylor-jackson@faculty.edu,Physics
5209fe52-baa8-4ab7-83f2-24fb0d8da2e1,Peyton Jones,pjones@example.edu,Neuroscience
b6f0bd4e-3d53-4e6f-bce4-95ed968781ed,Maya Jones,maya-jones@faculty.edu,Anthropology
3d13f294-3fa2-46d3-ba87-b9734af9c87b,Mina Patel,mina-patel@research.edu,Philosophy
7264d12d-495d-4f27-8533-20a4516f517e,Maya Rivera,mayar@example.edu,Electrical Engineering
c99c8d3d-df0a-4626-b613-017398c55182,Peyton Perez,peytonperez@example.edu,Economics
82fbfb47-e2d3-4430-8039-728cbd5e59a7,Arjun Khan,akhan@faculty.edu,Mathematics
ff6aacd4-cf9a-4f3b-a5b9-07fffed54937,Emma Miller,emma-miller@research.edu,Linguistics
e0999b36-4d07-4757-801d-e0b909d8e70b,Arjun Nguyen,arjunnguyen@university.edu,Data Science
f4c6d5ce-ae2d-48cb-9eb3-ba5f676f3ce8,Avery Ramirez,avery-ramirez@faculty.edu,Art History
4ed8a68e-8169-42d5-8fab-8739813d5a92,Layla Patel,laylapatel2@university.edu,Computer Science
cd9bba95-6bcc-49e9-9b15-fa82e7f306a3,Liam Hernandez,lhernandez@university.edu,Public Health
ccd25d26-face-447c-ba6c-eec65f1ce68a,Logan Martin,loganm@research.edu,Public Health
e6f57d92-e6a3-41de-85ca-48330636ff8e,Sophia Garcia,sophiag@example.edu,Data Science
7302803c-25fb-419d-a855-85f74090db1c,Mila White,milawhite@research.edu,Electrical Engineering
74bcfa86-48b8-41cd-bee2-e4f92442d502,Sophia Lewis,sophial@faculty.edu,Chemistry
14459d88-7b5c-458d-aad2-df68f6700490,Isabella Kumar,isabella-kumar@example.edu,Business
211c6795-d036-42bc-8115-8b62e4177c73,Peyton Garcia,pgarcia@research.edu,Linguistics
901e178a-82cb-4174-9e60-6a656578ec08,Olivia Chen,olivia-chen@research.edu,Nursing
f2e3c5ac-7f49-44a1-8306-da7bdac2fd71,Anika Khan,anikak@example.edu,Public Health
812b68fa-974c-4de2-8e6f-cd1d006aaa56,Aiden Garcia,aideng@university.edu,Nursing
1fd30a6e-d4e6-40d2-b6bb-8f377b717c42,Fatima Singh,fatimasingh@university.edu,Political Science
26985cfc-29c6-46c1-9cf6-ba58d9ae4532,Aria Hernandez,ariahernandez@example.edu,Psychology
2b1adb76-3604-47af-8004-d09a868ee1fe,Taylor Ramirez,taylor-ramirez@research.edu,Biology
c31f4672-a73a-4987-bc7e-87b257992c44,Kai Rivera,krivera@faculty.edu,Mechanical Engineering
fa9def69-6aef-4415-8669-4f91d70d4241,Hayden Harris,haydenh@faculty.edu,Physics
f150eb8b-598c-4553-949a-a3c063680723,Nora Walker,nora-walker@research.edu,Biomedical Engineering
3a20afd2-14d4-4e3d-9099-9d9e7a0189bc,Anika Martinez,anikamartinez@university.edu,Biomedical Engineering
81a2aff0-e72f-4ccd-a2b5-36fc35a724b7,Fatima Miller,fmiller@faculty.edu,Economics
fa59c103-552c-49d1-a6fd-0d9a13440dd6,Sophia Harris,sophiah@research.edu,Electrical Engineering
8d3dda4b-e9b0-4a60-a7b2-6c4dd0edda35,Aria Moore,ariam@example.edu,Anthropology
f791f9b9-6346-4c12-bcfd-12b07cd260c0,Layla Sanchez,layla-sanchez@research.edu,Statistics
a573e5dc-7731-4987-9919-139b88877520,Emma Brown,emmab@faculty.edu,Data Science
1aef70a6-1bbc-4c47-9e0d-cc8db86b6253,Jordan Perez,jperez@faculty.edu,Physics
019307d5-ded1-4fef-b239-bb93421e0446,Elena Miller,elenamiller@example.edu,Mathematics
4f05c7e8-b82e-4700-ad1e-f80de51af8c2,Lucia Lee,llee@research.edu,Anthropology
3eceadaa-8472-4925-862a-2a4290ca8ddf,Hayden Gonzalez,haydeng@example.edu,Economics
8d4a1552-fdbb-405e-926d-83bcb15e8670,Elena Singh,esingh@university.edu,Nursing
0d548aec-25f9-4e5c-b09b-604a4cff89f7,Maya Jones,mjones2@research.edu,Psychology
b30e7fcb-0ac9-4495-abc7-3b2c57bc6a3c,Nora Kumar,nora-kumar@example.edu,Biology
13cdc852-a9a0-426e-bfbc-9ce0c814ecfd,Noah Brown,noahbrown@university.edu,Political Science
a8c30a1a-0a29-4d69-b87b-a1a1710fbe9e,Riley White,rileywhite@faculty.edu,Data Science
4a218e06-c62f-4f76-8e04-94580ad506c3,Priya Kim,priyak2@university.edu,Art History
f450298e-e407-42d4-a694-922f7de45b1e,Jordan Thomas,jthomas@research.edu,Anthropology
97d0c235-e1f5-49b8-9bfd-4ce5231021b0,Lucia Lopez,lucial@faculty.edu,Data Science
ab0bff82-1524-47c5-bbe1-992d602304aa,Maya Taylor,maya-taylor@faculty.edu,Computer Science
501e2549-1789-4b4e-926d-25f5665002b4,Mila Brown,milabrown@example.edu,Chemistry
519ea12b-524d-421c-9275-214989c49170,Olivia Wilson,owilson@research.edu,Nursing
ed97ac83-2a33-4ed4-abc2-eea2e6e76e27,Jordan Smith,jordans2@example.edu,Philosophy
b238ad60-72fd-475b-8686-4161086855b3,Aria Rivera,aria-rivera@example.edu,Physics
5575166e-88b1-43e1-a581-9906551293b3,Layla Martin,lmartin@research.edu,Neuroscience
134cd815-5402-4f9f-a680-29f87ea8abb8,Zoe Walker,zwalker@example.edu,Political Science
12d9b9c5-2287-4b20-99e0-3d9278cf1d95,Aiden Singh,aidens@university.edu,Computer Science
0d879c12-e538-40ed-8920-d67016058f5c,Mateo White,mwhite@faculty.edu,Art History
ee238e18-9ded-4568-aad3-37345b956ba8,Peyton Patel,peyton-patel@faculty.edu,Physics
c733be7c-2940-4d13-90a6-2b2722b45068,Amara Moore,amoore2@faculty.edu,Biology
7b355b67-4ff6-4361-8cde-52354ea4ea38,Kai Singh,kaisingh@university.edu,Anthropology
62f6fc47-a754-437f-9423-6c8c3de53c56,Ishan Lee,ishanlee@university.edu,Philosophy
a73a2492-a671-4e25-9425-56a12d3f86ea,Elena Jackson,ejackson@research.edu,Neuroscience
4649edd3-1c47-459c-aacd-f3090f913bbd,Mila Williams,milawilliams@faculty.edu,Business
3ece0571-0ac8-4388-8597-970e56a2077c,Olivia Khan,oliviak@faculty.edu,Nursing
05e8f775-486c-437b-a654-0fa337a630ac,Aiden Hernandez,aidenhernandez@faculty.edu,Biomedical Engineering
44327b92-4cca-4ee3-bf1b-d1ee20b9249b,Neel Rodriguez,nrodriguez2@example.edu,Art History
d3f44655-690e-4361-9abb-82ae1a70b010,Sofia Garcia,sofiagarcia@faculty.edu,Chemistry
0855808f-bb6b-44d5-8070-da9bb5622aac,Aiden Clark,aclark@faculty.edu,Physics
fa056f33-5c89-4091-aba5-044a98b49746,Omar Jackson,omarj@university.edu,Public Health
199c88e9-1f68-4f24-804b-ca1aac3e1f2f,Riley Shah,riley-shah@research.edu,Biology
6b97a0cc-dda7-472e-a131-d1d90f5c58ed,Mateo Davis,mateod@faculty.edu,Economics
a7cd5f4e-4275-43c8-a8ad-4cc0d3f4b40e,Riley Martinez,rileymartinez@example.edu,Statistics
431c65a0-3797-4896-9ecd-fce67602d1a2,Anika Kumar,anikak2@example.edu,Statistics
31d4f300-82e6-43eb-9337-8410d9d2a765,Aria Garcia,ariag@faculty.edu,Philosophy
ced542e9-9631-436a-8f17-86722cc7e34b,Aria Lee,aria-lee@university.edu,Political Science
5be1f323-d7ad-43e6-9bb7-c2cea14061e6,Isabella Wilson,isabellawilson@example.edu,Public Health
e49a527e-c708-49e1-b68e-499311d4f0f5,Hayden Rodriguez,haydenr2@research.edu,Neuroscience
8f0ebb56-9ed8-4ce4-be05-47d954fcd071,Diego Patel,diegop@university.edu,Electrical Engineering
7c1a03c5-8929-4d61-a129-c459c5addcc1,Caleb Gonzalez,cgonzalez@university.edu,Statistics
7d79d4a3-bbe9-4b56-8357-b412f1b4a0b5,Nora Gonzalez,nora-gonzalez@university.edu,Philosophy
debf2268-c77f-428d-8e50-33a699dfa554,Emma Anderson,eanderson@faculty.edu,Psychology
578e0b1a-6cea-413b-988e-45f4af6dc317,Peyton Harris,pharris2@example.edu,Mechanical Engineering
2e1d3d05-d239-43c8-8776-3b3492bff655,Taylor Martin,tmartin@research.edu,Nursing
15ce894d-dc36-4f39-841c-f32684ca7d51,Layla Singh,lsingh@research.edu,Art History
a923ec5c-d568-4de2-9dd8-c10656145e76,Casey Perez,caseyp@faculty.edu,Biology
748f699e-5b36-42e7-b6b5-7d7143cd600e,Maya Sanchez,maya-sanchez@example.edu,Chemistry
f19fa307-bd47-4400-8a90-df3bd0daeb8b,Casey Wilson,casey-wilson@example.edu,Biomedical Engineering
1eb41452-e6fb-4054-90fb-8d8c3e907a29,Leo Williams,leow@faculty.edu,Education
9d40c027-b8be-47dc-84a7-c3aa3ba26ffe,Mina Brown,mina-brown@university.edu,Philosophy
2c08d1bf-8676-4496-9d5d-0092f8938ef8,Jordan Brown,jordan-brown@research.edu,Political Science
1b0b4b58-75fa-42bf-bae2-9582e107339a,Mila Davis,mdavis@research.edu,Business
6b82b404-3026-40bb-99e4-0de644fbd8c3,Kai Wilson,kai-wilson@faculty.edu,Economics
d5e68cfc-5b43-4b56-949a-658e123bd61b,Peyton Singh,psingh2@example.edu,Economics
dbb8f34a-5f70-4afd-9aee-7600efef8b1c,Peyton Kim,peyton-kim@faculty.edu,Biomedical Engineering
830de375-10d9-48bd-b1b0-5407e17a5a37,Peyton Nguyen,peytonnguyen@example.edu,Physics
6f61b639-63e8-49be-9a6f-40a6ea41a02b,Nora Gonzalez,ngonzalez@research.edu,Mathematics
e2e4589e-94a1-4d55-8909-f594ee12b3b5,Maya Williams,mayaw@example.edu,Business
ba9d86c1-7936-42ed-9a9c-26b6c7075c85,Neel Perez,neelperez@university.edu,Computer Science
efbe0e00-1617-44a0-98c9-002450025f82,Hayden Davis,haydend@example.edu,Mechanical Engineering
14566d81-6d83-4365-b8f6-b4f2527d5647,Mateo Jones,mateo-jones@faculty.edu,Philosophy
e399e875-64bd-4660-91ba-d19e1a9f9e76,Olivia Walker,owalker@faculty.edu,Political Science
0a5432b2-1c52-41bd-88b1-984f62cf2632,Riley Miller,rileymiller@university.edu,Mathematics
ef79ca8a-712b-421b-8a1f-af42ef0d272b,Leo Lee,leol@university.edu,Biomedical Engineering
fb529045-2a12-4a4d-9234-9880316244cf,Taylor Smith,taylorsmith@example.edu,Statistics
14dba062-76ea-455e-b5a1-8b24890388b2,Zoe Lewis,zlewis@university.edu,Data Science
ad15501f-0aa4-4a7f-adab-4bb330aa9dcd,Sofia Lopez,sofia-lopez@research.edu,Neuroscience
c15db589-cb8d-4d85-8b8f-a5ffc883f5ad,Priya Moore,priyam@research.edu,Economics
7e7e5201-da81-42c1-b0ee-89ed578e2ffa,Maya Davis,mayadavis@university.edu,Sociology
383f625e-05fa-42d6-a876-a50dc62e42c9,Peyton Clark,peytonc@research.edu,Sociology
4b56355c-25ab-48a9-9674-05a007403ff2,Mina Harris,mharris@university.edu,Art History
9162a46a-7a4c-476f-bdc1-8a20738b6607,Casey Patel,caseyp@university.edu,Economics
676b993a-5032-41f7-acb4-436b3517ac49,Lucia Williams,lucia-williams@faculty.edu,Philosophy
5e902b1b-0998-4bd0-8cb4-83e96820fd4a,Amara Smith,amarasmith@faculty.edu,Nursing
4c7719d6-d8af-41df-bf6e-ca15a27e922e,Nora Miller,noram@example.edu,Public Health
fb320008-54c5-4817-9175-358636d91587,Zoe Harris,zoeharris@university.edu,Computer Science
07e531a6-2aba-4c15-b58b-8ba4bbe94631,Maya Kim,mayak2@research.edu,Sociology
6b890f1b-a229-4b3c-8668-5e121f23bde5,Quinn Nguyen,qnguyen@example.edu,Statistics
06b0b133-bab6-4196-9870-929958d7fe83,Isabella Brown,isabellabrown@research.edu,Neuroscience
960eff38-2866-4421-9be8-41832cdbd8a5,Emma Garcia,emmag@research.edu,Linguistics
7bbd8c83-b990-43ef-90d7-7b575d2b64e0,Lucia Garcia,luciag@research.edu,Statistics
db2e3c37-8e5e-451f-94e7-1af8b889be9d,Logan Nguyen,logan-nguyen@university.edu,Neuroscience
fec27f67-b752-4891-a4be-c7bf898d8325,Anika Williams,anika-williams@university.edu,Anthropology
59457374-d4cd-4868-b8e4-dca90af963b2,Mina Martin,minamartin@research.edu,Statistics
ce83a840-37fa-442a-8809-c26ff457814c,Leo Brown,leobrown@research.edu,Statistics
9df07b5c-1572-4f85-9658-af21ccb51e54,Arjun Rivera,arjunr@faculty.edu,Business
6862796a-95d8-4854-94d1-4821a399b9c1,Lucia Davis,lucia-davis@example.edu,Computer Science
f5d68a21-e5e9-494e-b019-7d7b9f240536,Sofia Thompson,sthompson@faculty.edu,Business
8c3f2e04-68e7-4cc3-b326-b808a211441f,Peyton Williams,peytonwilliams@research.edu,Psychology
bc012a23-38ed-4312-8668-e958109660fa,Anika Miller,amiller@example.edu,Biology
fd295188-7f47-4c11-9488-6d3c26c2e928,Logan Sanchez,logansanchez@research.edu,Biology
23a69ce1-6665-4cc6-a195-720a1fd29fbe,Sofia Miller,sofiam@university.edu,Philosophy
5136ecaa-4803-4a3b-b5b9-6e67ec8e1df0,Omar Davis,omard@research.edu,Art History
f556fde3-9b1f-40b4-8ebc-35a008562bb7,Omar Kim,omarkim@research.edu,Computer Science
3763a37a-a12f-4adc-8eeb-4a1e15f9ec7c,Nora Brown,norab@research.edu,Nursing
834049fa-6733-4631-bb48-e4407299e2eb,Aria Shah,ariashah@example.edu,Biomedical Engineering
d78e5818-b68b-44df-bdc0-b5577873dfe3,Mila Rivera,mrivera@research.edu,Economics
1fc4b826-2ed4-460d-9043-e31d47cea211,Layla Thomas,lthomas@research.edu,Statistics
0ba82286-f1f2-450c-bf8d-7f8d9bf50a70,Ethan Lewis,ethanlewis@example.edu,Economics
7027366d-ac55-4e90-a8b7-48c8c579b71a,Layla Kim,lkim@faculty.edu,Business
0573ee1b-5ad0-4a1a-ae55-00f7110bd78d,Arjun Wilson,arjunwilson@example.edu,Anthropology
c624f025-34ca-4a57-b465-b19079913872,Ethan Thompson,ethanthompson@example.edu,Nursing
f5ad181b-9e69-4f68-bd0e-c650007d08d7,Caleb Lee,caleb-lee@faculty.edu,Education
ebc7b3e7-d4eb-450e-908a-ed75a215fb42,Neel Shah,neels2@faculty.edu,Economics
d1483a7b-0041-4088-a407-e737d205255f,Avery Singh,avery-singh@university.edu,Neuroscience
eaa215c6-f84f-422c-93b6-0dc3d7d3e3a3,Kai Brown,kai-brown@example.edu,Physics
96208f1e-ab53-45e9-8626-eafec8326cf0,Maya Jackson,mjackson@example.edu,Electrical Engineering
2ce8aafd-5bc8-4627-8e10-746358748285,Ethan Wilson,ethan-wilson@faculty.edu,Political Science
74197e56-ff6b-4d28-b2e2-ff4491991f05,Peyton Chen,peytonchen@research.edu,Chemistry
bfa6afff-a371-4da9-9f77-60d9e74849b4,Mateo Jackson,mateo-jackson@research.edu,Neuroscience
da6e50e1-a701-4af3-a678-742996c01bc0,Anika Lee,anika-lee@university.edu,Physics
9533932b-3d77-4a19-b56a-7eeb9d47f65a,Noah Lewis,noahlewis@faculty.edu,Linguistics
a0c4e5f1-6b73-45ff-9fe7-da2b26cdc270,Caleb Rivera,calebrivera@example.edu,Mathematics
c5c73019-42b1-4eb3-b2eb-81215e847067,Lucia Lopez,lucia-lopez@example.edu,Sociology
9e6fdfa7-6256-4035-9eed-f2f21806e947,Mateo Davis,mateod@university.edu,Economics
aa6acf13-bef3-43b4-a7b0-210fc5f1083f,Isabella Chen,ichen@example.edu,Sociology
a8b0dd2a-f777-4500-b95a-99ca58a474a7,Omar Taylor,omar-taylor@faculty.edu,Political Science
fe3b5a8b-2e43-4878-8712-fb7d087c9aa6,Kai Williams,kaiwilliams2@faculty.edu,Anthropology
cd0fad93-73d6-4d97-a617-e59b282464a8,Riley Martin,rileym@faculty.edu,Mechanical Engineering
7934e4c9-c18e-4f67-bc23-207cf96c9eac,Amara Singh,amarasingh@example.edu,Nursing
e5598ffc-a3b1-4a5c-aa43-07721645a011,Quinn Kim,quinnkim@research.edu,Education
e4012e6a-4a65-4d4e-9044-ee15b7625113,Caleb Sanchez,caleb-sanchez@faculty.edu,Chemistry
c430ea3e-ac94-4f1c-83ee-02efe0ca66db,Liam Perez,lperez@faculty.edu,Mathematics
f1ec3854-68a6-4300-8a72-a8a8a8381d3f,Liam Singh,liams@university.edu,Biomedical Engineering
42dcbdb0-b6f2-4bc6-a143-dca8ba6fb97a,Zoe Lewis,zoelewis@example.edu,Electrical Engineering
9df1e3d4-ee6d-4194-ac18-763fd9fc7038,Amara Harris,amara-harris@research.edu,Physics
0d236761-2463-4fd7-b5d4-236bf4275aeb,Caleb Jackson,caleb-jackson@faculty.edu,Nursing
e47b5973-1ccb-4636-91dd-458acf9c2109,Mateo Lewis,mateol@university.edu,Mathematics
cd817dff-df34-4938-9cdc-644dbb4f0736,Noah Lee,noah-lee@university.edu,Sociology
49554ecc-be0a-484e-8a5e-9c3d8f83aef3,Caleb Khan,caleb-khan@university.edu,Biology
448805fa-1753-4b23-94f9-060088eefbb9,Liam Ramirez,liam-ramirez@example.edu,Education
d012d1d9-5798-4198-8605-4d99b1f5628b,Diego Jones,diegojones@university.edu,Political Science
3dd439e3-1440-48e0-8947-7eec7f5c6872,Sofia Williams,sofia-williams@university.edu,Electrical Engineering
224c79fd-4f61-4dcd-9779-3897134cceeb,Aria Taylor,aria-taylor@example.edu,Physics
5d01d663-9220-495e-bdb2-74e51ec74282,Anika Harris,anikah@research.edu,Economics
50558285-a431-4678-93fa-7887dd78e508,Amara Johnson,amaraj@university.edu,Education
d456887a-66a5-47c3-a2d4-7a5f8bc2bc0b,Avery Jones,avery-jones@university.edu,Data Science
a8604124-f417-444b-a101-520c417da122,Mateo Miller,mmiller@faculty.edu,Anthropology
0dc2a104-782e-45f6-a6b1-99477605e4fa,Hayden Jackson,haydenj@research.edu,Neuroscience
79d82c01-ddb2-4c4c-a9b0-12dccebe0f5a,Jordan Patel,jordanpatel@example.edu,Psychology
ed306020-fcbe-48e9-bcac-9826ec800ad6,Ishan Khan,ikhan@example.edu,Mathematics
5bfd85c9-640f-42a4-b938-31ee1c619c39,Leo Smith,leosmith@university.edu,Electrical Engineering
5c2864bf-6011-4148-944c-9834c2b1142e,Avery Kumar,averyk@university.edu,Mathematics
8805c41b-ea7d-4a61-809b-89cfb22e1b2c,Liam Thompson,liamthompson@research.edu,Philosophy
8120e4db-090f-43af-9d11-bc4a6d5bfb83,Mateo Martinez,mateomartinez@example.edu,Chemistry
2b9410a1-0801-42d9-990a-4fa443138d5c,Mina Taylor,minataylor@university.edu,Sociology
fd8db610-d295-4c57-ab7a-a73ba3ee409d,Fatima Brown,fatimab@university.edu,Mathematics
35e969dc-555b-4ee9-a08a-58f9a312235b,Quinn Taylor,quinn-taylor@example.edu,Linguistics
12a887fe-3f32-4b79-aae2-b38f88e64aba,Elena Perez,eperez@example.edu,Art History
78e60a32-8bb7-483c-9c70-2bbdbedcfe14,Emma Miller,emiller2@university.edu,Biology
5f581f3f-bc9f-4d61-b628-bcdd1564b87b,Amara Nguyen,amaran@faculty.edu,Anthropology
12603da8-bc61-4954-8ef1-95990a426c55,Aiden Shah,aidenshah@faculty.edu,Statistics
1c3e5d3b-96e2-48c4-9931-2c8d9a30780c,Diego Hernandez,diego-hernandez@faculty.edu,Chemistry
e66b6be0-5803-43c3-93c8-e5c1a6239963,Olivia Ramirez,oramirez@faculty.edu,Psychology
5ae54071-6151-44c2-bc24-664fa7f7664a,Sofia Patel,sofiap@research.edu,Data Science
eb92a7a8-879b-4321-8699-e37321b5a930,Aiden Nguyen,aiden-nguyen@example.edu,Philosophy
b328bb8e-6d6c-4437-8d1a-6ed0a433ecb3,Layla Garcia,lgarcia@example.edu,Education
44913f9a-c403-4dbc-93d9-e02171ad18ab,Noah Taylor,noah-taylor@university.edu,Computer Science
b7d337dc-cf81-47e5-84b7-e9938b436431,Mateo Johnson,mateoj@example.edu,Electrical Engineering
b9aa8286-7b1b-4cef-803a-4eb14967ba0d,Arjun Taylor,arjunt@example.edu,Data Science
4d5cd01b-5a73-4dd9-b7bd-c6c5931493cb,Ishan Anderson,ianderson@example.edu,Political Science
f5dc5281-8074-4c13-bfd8-508960cfc76a,Mateo Kim,mateo-kim@research.edu,Data Science
459fc379-8908-4d4a-aa4f-fd2cb0f45bf0,Mateo Smith,mateosmith@example.edu,Nursing
8091f01e-494c-48cc-9d8a-dd03d5571afc,Casey Lewis,caseylewis@example.edu,Linguistics
981b6ed6-4ced-4480-8aa8-0c0a085c7bcb,Fatima Martinez,fatimam@faculty.edu,Electrical Engineering
6a330c61-d2e4-4742-831a-613e5daf5799,Olivia Nguyen,olivianguyen@university.edu,Physics
9f08c431-df1f-49f6-9e79-9f59ec6d8ce3,Leo Anderson,leo-anderson@example.edu,Nursing
5123bf17-5da4-40b4-aca6-1d464287cfca,Leo Harris,leoh@research.edu,Electrical Engineering
bdd65b3d-872a-468e-a084-e10a8dc051af,Taylor Lee,taylor-lee@faculty.edu,Physics
5ce23bc6-e0bf-41b8-8b1f-ece887b8312b,Omar Khan,omarkhan@research.edu,Philosophy
f168b97c-2609-477f-95fb-f0ffba761a6e,Mila White,mila-white@faculty.edu,Neuroscience
d423daa1-fe73-4d21-854e-5ecdb1bbef0c,Olivia Singh,olivias@faculty.edu,Data Science
1e8be14d-a115-4d15-8793-192068e93721,Elena Patel,elena-patel@example.edu,Political Science
9e305acb-36b3-4286-87f7-9ee0b3af64f1,Maya Anderson,maya-anderson@faculty.edu,Biology
94b548c5-a179-4c78-8677-d6fc113d9f76,Kai Lopez,kailopez@faculty.edu,Anthropology
06e84788-e176-4175-807d-6cb87b54b3c6,Logan Anderson,logana@faculty.edu,Biomedical Engineering
ecad3566-2a05-47d2-bd64-570ebb452ca6,Neel Patel,neelp@example.edu,Linguistics
bbb137bf-4fa5-4f7a-8e99-45f3a89c08f7,Maya Clark,maya-clark@example.edu,Electrical Engineering
3cdbe530-15f0-4f66-b3c6-45095f5f587c,Casey Kumar,caseykumar@example.edu,Philosophy
67005a85-57a1-44f8-83e7-3f3a55bb3b7d,Mateo Williams,mateowilliams@university.edu,Sociology
22d15024-5600-4d0e-ab9c-4fc60b5d236d,Sophia Lopez,sophial@university.edu,Art History
9fff1322-c409-4412-8558-781754ef7ff6,Ethan Garcia,ethangarcia@research.edu,Anthropology
88e392cb-36e1-4968-90c1-88160b0f4e6a,Neel Patel,neelpatel@example.edu,Economics
1c11410a-26b4-4a5c-883c-7a5520f55c06,Layla Martinez,laylamartinez@faculty.edu,Sociology
87b1d05e-3aee-4be2-895d-e30f54f0b896,Sofia Walker,sofia-walker@example.edu,Neuroscience
ae5f9801-b042-4112-aff0-e2d706d836aa,Mila Rodriguez,mila-rodriguez@university.edu,Biology
e954e99e-7533-464c-aa91-70f3572460c9,Nora Kim,norak@example.edu,Anthropology
053abcfc-9427-475c-885f-1a3f1cb5c3c4,Peyton Lopez,peytonl@university.edu,Education
6289b202-7c13-49b4-96d8-715715a48a81,Mateo Davis,mateo-davis@research.edu,Art History
4c2ee4de-e44c-46fa-a553-867266cd9707,Casey Rivera,casey-rivera@research.edu,Nursing
5209cea2-21eb-4b55-86d5-76eb3ea869c9,Anika White,anika-white@research.edu,Chemistry
dcd2debf-aa05-4f28-b793-514b0a0fc1b8,Neel Harris,nharris@university.edu,Economics
f684ae7e-33eb-426e-8d92-7157548f0581,Casey Taylor,caseyt@example.edu,Mechanical Engineering
b05c21cf-285d-4e49-bba5-379dc8d6d3bd,Ethan Rivera,ethanr@faculty.edu,Biology
0895f7a7-7baa-4238-8de2-3c4bc36d108d,Avery Smith,avery-smith@university.edu,Neuroscience
5db0cb03-b760-441e-b3cb-a84f6f64c7bb,Liam Lee,liaml@faculty.edu,Biomedical Engineering
3b0fef93-d07e-4402-8e9d-951c0103bdbb,Kai Ramirez,kramirez@faculty.edu,Education
1a6c9976-76c5-459c-93bc-701b76cfc020,Diego Kumar,dkumar@faculty.edu,Art History
72d28dd7-a02d-4af6-9af2-fc39fe7b54b1,Ishan Wilson,ishanw@research.edu,Sociology
1072794d-1c51-42b4-b4dd-b588520d6485,Leo Chen,leoc@faculty.edu,Mathematics
341e1b20-557d-4a73-be34-9b624af733ed,Fatima Thompson,fatimat@example.edu,Art History
9a05be23-a1ea-4bf9-bf34-e350641dfd2e,Logan Anderson,logana@example.edu,Biomedical Engineering
a1db774e-806e-4e73-aa79-b2de6de2db44,Liam Kim,liamk2@faculty.edu,Education
0f5d0199-1546-43f9-b8e2-f2a3ba7f37d1,Mina Brown,minabrown@research.edu,Philosophy
2fe6e353-98e3-4726-af86-8aee29d00ba7,Avery Garcia,averygarcia@research.edu,Anthropology
e27f8e70-d846-4389-96dc-d95078b7878c,Diego Garcia,diego-garcia@faculty.edu,Chemistry
a21e7b56-aece-4b36-ae82-e81b73096877,Leo Garcia,leo-garcia@research.edu,Neuroscience
073b17e6-13a4-498b-96d8-2171302600d1,Mina Singh,msingh@university.edu,Sociology
36fca774-6ad4-4c40-8a03-81ccf7dd739c,Elena Lewis,elena-lewis@example.edu,Art History
58d159f9-0fc1-462a-a637-ff93a042ce28,Nora Jackson,norajackson@university.edu,Anthropology
3dfcc0e5-c319-43a0-ac46-d23d9ea7d377,Mateo Singh,mateosingh@example.edu,Art History
c8dcdd3b-af69-42ae-9d44-35cafd743526,Taylor White,taylorwhite@university.edu,Sociology
06e37a7d-7df5-4b92-bbce-c061811cc898,Hayden Moore,haydenm@faculty.edu,Art History
beeb526f-83b9-4ce3-8e7b-68bef8d8aaf6,Ishan Sanchez,ishansanchez@university.edu,Business
e45784a3-416e-48a2-87a8-5319686ded81,Quinn Garcia,qgarcia@faculty.edu,Data Science
42539d85-aca4-4d41-bdd0-20c15dbb8607,Isabella Anderson,isabellaanderson@research.edu,Neuroscience
9b28df6d-347b-4bca-b8ae-c9f1ce506e71,Fatima Smith,fsmith@example.edu,Economics
1d5a2568-fe75-476d-8af9-0e8ca880bf1c,Mateo Miller,mateo-miller@faculty.edu,Statistics
d95b13c4-86cb-4fac-a9d7-0c048d4959a6,Logan Kim,lkim2@faculty.edu,Business
0e6c1668-980b-4e39-975d-8ca55973e917,Lucia Harris,luciah@example.edu,Statistics
94bcab87-5c09-4680-a33f-67a316c59fa7,Priya Walker,priya-walker@research.edu,Biomedical Engineering
dcf64241-cfb5-4b90-81ce-2f5811447b25,Sophia Jones,sophiaj@example.edu,Art History
5d16f992-6521-4187-995d-871193d68193,Olivia Lee,olivial@faculty.edu,Nursing
faadcfd1-d3f5-4b46-94e2-f374aa63272f,Caleb Smith,csmith@example.edu,Mathematics
0758bef6-ce97-47e5-9743-785188cc4b8d,Hayden Sanchez,hsanchez@university.edu,Education
f0b6564a-588f-468d-845e-581f3f8f9446,Aria Patel,apatel@faculty.edu,Biology
e3bb8ca7-bad2-4b65-9d42-9611d5b564ff,Fatima Moore,fatimamoore@example.edu,Public Health
58106e7c-e2ac-472c-9156-c15a5608444b,Noah Thomas,noahthomas@faculty.edu,Biology
c66aa96c-8e76-4b27-a0ce-4b7b0d685435,Olivia Gonzalez,oliviagonzalez@faculty.edu,Psychology
7ee59e92-b53b-4e3e-a89b-515079235f5e,Peyton Davis,peyton-davis@research.edu,Anthropology
928cb292-a54e-498a-9c03-c78107aef16e,Avery Khan,avery-khan@research.edu,Data Science
13205ab0-d31b-4f4b-bbbb-ade010a06df4,Mina Lee,minal@faculty.edu,Public Health
24b01a54-72a5-46e8-986a-f3c4e4a65bcd,Aria Kim,akim@research.edu,Chemistry
e0de327f-2265-41e4-88af-3a9dc9645268,Fatima Rodriguez,fatima-rodriguez@research.edu,Public Health
7f4f7ff5-aab1-418f-a7d6-61b59bc035e4,Caleb Williams,cwilliams@research.edu,Art History
7aac7d62-439f-43b2-83fb-f32df59981dd,Aria Walker,aria-walker@research.edu,Statistics
a821e8df-0fc2-4da3-b374-07155a6819a1,Avery Smith,averysmith@research.edu,Linguistics
7ce08c91-8a07-45b6-868f-49929c6ffa17,Peyton Lee,plee@faculty.edu,Sociology
f15a3fd6-8124-4584-b331-0cc3cac6e40e,Arjun Taylor,arjuntaylor@faculty.edu,Public Health
d6878384-156c-4cb2-bda5-9db6cb9baab6,Mina Perez,mperez@example.edu,Public Health
c6cca8b2-8214-4382-a658-62e56468dcec,Diego Wilson,diegow@faculty.edu,Data Science
7b96ffe0-e5bd-4d72-bae5-eb51281de39e,Ishan Moore,ishanm@example.edu,Linguistics
35888612-b93b-4bd2-947e-51cbce8254ac,Casey Kumar,caseykumar@university.edu,Physics
20dbacc6-3d96-43fe-966d-94c65c13c81e,Emma Chen,emmac@research.edu,Biology
22988b89-091d-4e71-9906-9e3319bee454,Kai Martinez,kaim@university.edu,Sociology
c57943ce-9009-4717-a4f9-d1ff1e81c772,Anika Nguyen,anikanguyen@faculty.edu,Public Health
3b61ba06-45fd-41ce-a1bf-b2b70d11ef6c,Aiden Taylor,aiden-taylor@research.edu,Biomedical Engineering
129529d6-3521-42e0-a287-cc5001ee2438,Maya Brown,mayabrown@faculty.edu,Public Health
73efc0c9-5392-4e83-ba3a-0639e0ef6b35,Peyton Lewis,plewis@faculty.edu,Data Science
2e210e7e-d256-493d-91de-22b9d1f45a0b,Leo Chen,lchen@faculty.edu,Computer Science
fbe2b3ae-53c0-43fc-81fb-3affe75d88e0,Anika Davis,adavis@example.edu,Linguistics
0a7d9bbb-8f20-4169-9e93-ac10fb2bd407,Fatima Khan,fatimakhan@faculty.edu,Data Science
7c257cfd-6205-4c2c-a07b-088dd8ad33c4,Amara Kim,amarak@research.edu,Mechanical Engineering
b55e17c4-36f0-4978-85e6-aba530b87e01,Mila Jackson,milaj@example.edu,Sociology
96bc0557-fdf9-4745-9528-8356a102b23a,Sofia Clark,sofiac@university.edu,Mechanical Engineering
38a3b323-67b3-40c0-b54c-d1d05a2921cf,Maya Perez,mayaperez@faculty.edu,Statistics
91a3c4f6-b18d-497a-abe1-928dfb3ea0cb,Ethan Moore,ethanm@faculty.edu,Political Science
70220e0b-3669-45b2-a377-5802e03cbf3e,Leo Shah,leos@research.edu,Sociology
07cb1445-cce6-4918-827b-02cfc7877ae4,Aria Johnson,ariajohnson@example.edu,Art History
06f566d9-943c-4a43-837e-73934ed39324,Sophia Garcia,sophiagarcia@example.edu,Neuroscience
f746dc9d-a979-4658-9ee1-6a1e332f418d,Peyton Miller,peyton-miller@research.edu,Education
a1897ea5-5fed-4a39-9644-9e5f97ae781f,Riley Johnson,rileyj@university.edu,Biomedical Engineering
6fa7ecd7-f5b0-4d65-9e91-aa4ca7a335fd,Sophia Martinez,sophia-martinez@research.edu,Mathematics
246d0111-4881-409c-b1b1-2db2f33671ec,Olivia Thomas,othomas@research.edu,Philosophy
ebb33e6d-8025-4c4b-aaf4-fd45aa6f4acf,Casey Rodriguez,caseyrodriguez@university.edu,Electrical Engineering
fdc15dbe-e8f5-4e35-85dd-5532e774feba,Zoe Lee,zoel@research.edu,Education
3ae7fcb6-9455-4195-b762-bbcf4e074227,Isabella Chen,isabellac@example.edu,Business
c87d6dbf-2678-4530-a1df-1ac28ee9b023,Caleb Lopez,calebl@research.edu,Nursing
fc91fb8b-8c8d-440a-9a47-8b83e4531ee5,Caleb Martin,cmartin@research.edu,Education
5849c27f-7e75-465a-a230-09c82ff4b29b,Olivia Garcia,oliviag@faculty.edu,Data Science
64e2b195-ed97-4eb2-9828-70ac1dbf3d59,Anika Taylor,anikataylor@faculty.edu,Computer Science
6132de74-9f27-42ad-8e75-278122b6a393,Avery Singh,averysingh@faculty.edu,Mathematics
08cffa65-c6ce-41fb-82d8-4bc5e149640b,Neel Khan,neel-khan@research.edu,Public Health
be59ae11-913a-4051-bab9-c4c7b6f3fd11,Aiden Smith,aidens@faculty.edu,Anthropology
36163870-a009-4547-9ec2-9e9bc2bfc147,Olivia Smith,osmith@example.edu,Economics
4c747e42-23bd-4b44-891a-cec5ccf6df03,Arjun Ramirez,arjunr@example.edu,Sociology
53062bfa-c0db-424b-93b9-2f45f1195aab,Mila Harris,milaharris@faculty.edu,Mechanical Engineering
